series,quarter,value
T10695,2007-12-31,1700.0
T10695,2008-03-31,1740.0
T10695,2008-06-30,1931.0
T10695,2008-09-30,2648.0
T10695,2008-12-31,1962.0
T10695,2009-03-31,1833.0
T10695,2009-06-30,1974.0
T10695,2009-09-30,2009.0
T10695,2009-12-31,2133.0
T10695,2010-03-31,2610.0
T10695,2010-06-30,2932.0
T10695,2010-09-30,2867.0
T10695,2010-12-31,3228.0
T10695,2011-03-31,4040.0
T10695,2011-06-30,3810.0
T10695,2011-09-30,4155.0
T10695,2011-12-31,4543.0
T10695,2012-03-31,5082.0
T10695,2012-06-30,4351.0
T10695,2012-09-30,5011.0
T10695,2012-12-31,4375.0
T10695,2013-03-31,4941.0
T10695,2013-06-30,6193.0
T10695,2013-09-30,5061.0
T10695,2013-12-31,3982.0
T10695,2014-03-31,3956.0
T10695,2014-06-30,4536.0
T10696,2007-12-31,2475.8
T10696,2008-03-31,2584.9
T10696,2008-06-30,2875.1
T10696,2008-09-30,2963.5
T10696,2008-12-31,2753.1
T10696,2009-03-31,2457.6
T10696,2009-06-30,2538.5
T10696,2009-09-30,2536.0
T10696,2009-12-31,2828.5
T10696,2010-03-31,2838.0
T10696,2010-06-30,3121.1
T10696,2010-09-30,3268.8
T10696,2010-12-31,3274.4
T10696,2011-03-31,3687.5
T10696,2011-06-30,3411.0
T10696,2011-09-30,3475.5
T10696,2011-12-31,3734.6
T10696,2012-03-31,3908.7
T10696,2012-06-30,3636.1
T10696,2012-09-30,3820.6
T10696,2012-12-31,3728.2
T10696,2013-03-31,3703.3
T10696,2013-06-30,3967.1
T10696,2013-09-30,3761.7
T10696,2013-12-31,3725.0
T10696,2014-03-31,3576.7
T10696,2014-06-30,3594.7
T10729,2007-12-31,2580.0
T10729,2008-03-31,2290.0
T10729,2008-06-30,2380.0
T10729,2008-09-30,2950.0
T10729,2008-12-31,3060.0
T10729,2009-03-31,2540.0
T10729,2009-06-30,2390.0
T10729,2009-09-30,2850.0
T10729,2009-12-31,2390.0
T10729,2010-03-31,2230.0
T10729,2010-06-30,2450.0
T10729,2010-09-30,3110.0
T10729,2010-12-31,2770.0
T10729,2011-03-31,2480.0
T10729,2011-06-30,2510.0
T10729,2011-09-30,3290.0
T10729,2011-12-31,3150.0
T10729,2012-03-31,2820.0
T10729,2012-06-30,2960.0
T10729,2012-09-30,3350.0
T10729,2012-12-31,3040.0
T10729,2013-03-31,2640.0
T10729,2013-06-30,2730.0
T10729,2013-09-30,3400.0
T10729,2013-12-31,2990.0
T10729,2014-03-31,2540.0
T10729,2014-06-30,2710.0
T16618,2007-12-31,4230.0
T16618,2008-03-31,4060.0
T16618,2008-06-30,4460.0
T16618,2008-09-30,4910.0
T16618,2008-12-31,4720.0
T16618,2009-03-31,4400.0
T16618,2009-06-30,4500.0
T16618,2009-09-30,4920.0
T16618,2009-12-31,4680.0
T16618,2010-03-31,4580.0
T16618,2010-06-30,4870.0
T16618,2010-09-30,5290.0
T16618,2010-12-31,5040.0
T16618,2011-03-31,4800.0
T16618,2011-06-30,4870.0
T16618,2011-09-30,5510.0
T16618,2011-12-31,5290.0
T16618,2012-03-31,4890.0
T16618,2012-06-30,5100.0
T16618,2012-09-30,5330.0
T16618,2012-12-31,5080.0
T16618,2013-03-31,5110.0
T16618,2013-06-30,5430.0
T16618,2013-09-30,5940.0
T16618,2013-12-31,5770.0
T16618,2014-03-31,5710.0
T16618,2014-06-30,5560.0
T16623,2007-12-31,1307.0
T16623,2008-03-31,1345.0
T16623,2008-06-30,1475.0
T16623,2008-09-30,1414.0
T16623,2008-12-31,1342.0
T16623,2009-03-31,1299.0
T16623,2009-06-30,1371.0
T16623,2009-09-30,1393.0
T16623,2009-12-31,1377.0
T16623,2010-03-31,1440.0
T16623,2010-06-30,1582.0
T16623,2010-09-30,1633.0
T16623,2010-12-31,1545.0
T16623,2011-03-31,1595.0
T16623,2011-06-30,1659.0
T16623,2011-09-30,1738.0
T16623,2011-12-31,1623.0
T16623,2012-03-31,1664.0
T16623,2012-06-30,1703.0
T16623,2012-09-30,1676.0
T16623,2012-12-31,1567.0
T16623,2013-03-31,1659.0
T16623,2013-06-30,1783.0
T16623,2013-09-30,1842.0
T16623,2013-12-31,1747.0
T16623,2014-03-31,1691.0
T16623,2014-06-30,1781.0
T16626,2007-12-31,1902.0
T16626,2008-03-31,2394.0
T16626,2008-06-30,2579.0
T16626,2008-09-30,2043.0
T16626,2008-12-31,2177.0
T16626,2009-03-31,2807.0
T16626,2009-06-30,2365.0
T16626,2009-09-30,2491.0
T16626,2009-12-31,2199.0
T16626,2010-03-31,3081.0
T16626,2010-06-30,2466.0
T16626,2010-09-30,2690.0
T16626,2010-12-31,3119.0
T16626,2011-03-31,3115.0
T16626,2011-06-30,3127.0
T16626,2011-09-30,4258.0
T16626,2011-12-31,3095.0
T16626,2012-03-31,3027.0
T16626,2012-06-30,4278.0
T16626,2012-09-30,3502.0
T16626,2012-12-31,5011.0
T16626,2013-03-31,4541.0
T16626,2013-06-30,4388.0
T16626,2013-09-30,2640.0
T16626,2013-12-31,6666.0
T16626,2014-03-31,2516.0
T16626,2014-06-30,2435.0
T16634,2007-12-31,2226.0
T16634,2008-03-31,1943.0
T16634,2008-06-30,2056.0
T16634,2008-09-30,2097.0
T16634,2008-12-31,2242.0
T16634,2009-03-31,2017.0
T16634,2009-06-30,2076.0
T16634,2009-09-30,1930.0
T16634,2009-12-31,2319.0
T16634,2010-03-31,2325.0
T16634,2010-06-30,2435.0
T16634,2010-09-30,2667.0
T16634,2010-12-31,2834.0
T16634,2011-03-31,2581.0
T16634,2011-06-30,2414.0
T16634,2011-09-30,2488.0
T16634,2011-12-31,3091.0
T16634,2012-03-31,2587.0
T16634,2012-06-30,2502.0
T16634,2012-09-30,2576.0
T16634,2012-12-31,3131.0
T16634,2013-03-31,2630.0
T16634,2013-06-30,3216.0
T16634,2013-09-30,3105.0
T16634,2013-12-31,3040.0
T16634,2014-03-31,2687.0
T16634,2014-06-30,2697.0
T16638,2007-12-31,1272.0
T16638,2008-03-31,1246.0
T16638,2008-06-30,1353.0
T16638,2008-09-30,1239.0
T16638,2008-12-31,1170.0
T16638,2009-03-31,948.0
T16638,2009-06-30,833.0
T16638,2009-09-30,775.0
T16638,2009-12-31,849.0
T16638,2010-03-31,894.0
T16638,2010-06-30,979.0
T16638,2010-09-30,976.0
T16638,2010-12-31,1138.0
T16638,2011-03-31,1073.0
T16638,2011-06-30,1229.0
T16638,2011-09-30,1186.0
T16638,2011-12-31,1176.0
T16638,2012-03-31,1180.0
T16638,2012-06-30,1166.0
T16638,2012-09-30,1115.0
T16638,2012-12-31,981.0
T16638,2013-03-31,1058.0
T16638,2013-06-30,1142.0
T16638,2013-09-30,1167.0
T16638,2013-12-31,1176.0
T16638,2014-03-31,1111.0
T16638,2014-06-30,1207.0
T16717,2007-12-31,1858.0
T16717,2008-03-31,1797.0
T16717,2008-06-30,2085.0
T16717,2008-09-30,2092.0
T16717,2008-12-31,1791.0
T16717,2009-03-31,1581.0
T16717,2009-06-30,1719.0
T16717,2009-09-30,1759.0
T16717,2009-12-31,1661.0
T16717,2010-03-31,1685.0
T16717,2010-06-30,2103.0
T16717,2010-09-30,2186.0
T16717,2010-12-31,2059.0
T16717,2011-03-31,2095.0
T16717,2011-06-30,2225.0
T16717,2011-09-30,2218.0
T16717,2011-12-31,1839.0
T16717,2012-03-31,1837.0
T16717,2012-06-30,2006.0
T16717,2012-09-30,2202.0
T16717,2012-12-31,2306.0
T16717,2013-03-31,2509.0
T16717,2013-06-30,2609.0
T16717,2013-09-30,2695.0
T16717,2013-12-31,2605.0
T16717,2014-03-31,2543.0
T16717,2014-06-30,2704.0
T16718,2007-12-31,1247.0
T16718,2008-03-31,1187.0
T16718,2008-06-30,1379.0
T16718,2008-09-30,1384.0
T16718,2008-12-31,1204.0
T16718,2009-03-31,1071.0
T16718,2009-06-30,1173.0
T16718,2009-09-30,1210.0
T16718,2009-12-31,1110.0
T16718,2010-03-31,1122.0
T16718,2010-06-30,1389.0
T16718,2010-09-30,1477.0
T16718,2010-12-31,1355.0
T16718,2011-03-31,1353.0
T16718,2011-06-30,1454.0
T16718,2011-09-30,1469.0
T16718,2011-12-31,1208.0
T16718,2012-03-31,1226.0
T16718,2012-06-30,1336.0
T16718,2012-09-30,1477.0
T16718,2012-12-31,1532.0
T16718,2013-03-31,1680.0
T16718,2013-06-30,1756.0
T16718,2013-09-30,1841.0
T16718,2013-12-31,1754.0
T16718,2014-03-31,1700.0
T16718,2014-06-30,1797.0
T16723,2007-12-31,2060.0
T16723,2008-03-31,1900.0
T16723,2008-06-30,1960.0
T16723,2008-09-30,1770.0
T16723,2008-12-31,1910.0
T16723,2009-03-31,1710.0
T16723,2009-06-30,1690.0
T16723,2009-09-30,1730.0
T16723,2009-12-31,1940.0
T16723,2010-03-31,1650.0
T16723,2010-06-30,1820.0
T16723,2010-09-30,1800.0
T16723,2010-12-31,2020.0
T16723,2011-03-31,1990.0
T16723,2011-06-30,1660.0
T16723,2011-09-30,1850.0
T16723,2011-12-31,1750.0
T16723,2012-03-31,1570.0
T16723,2012-06-30,1580.0
T16723,2012-09-30,1830.0
T16723,2012-12-31,2270.0
T16723,2013-03-31,2190.0
T16723,2013-06-30,2140.0
T16723,2013-09-30,2270.0
T16723,2013-12-31,2700.0
T16723,2014-03-31,2750.0
T16723,2014-06-30,2220.0
T16732,2007-12-31,1742.0
T16732,2008-03-31,1705.0
T16732,2008-06-30,1966.0
T16732,2008-09-30,1936.0
T16732,2008-12-31,1653.0
T16732,2009-03-31,1320.0
T16732,2009-06-30,1391.0
T16732,2009-09-30,1343.0
T16732,2009-12-31,1334.0
T16732,2010-03-31,1343.0
T16732,2010-06-30,1638.0
T16732,2010-09-30,1641.0
T16732,2010-12-31,1596.0
T16732,2011-03-31,1655.0
T16732,2011-06-30,1724.0
T16732,2011-09-30,1724.0
T16732,2011-12-31,1511.0
T16732,2012-03-31,1563.0
T16732,2012-06-30,1644.0
T16732,2012-09-30,1769.0
T16732,2012-12-31,1847.0
T16732,2013-03-31,2026.0
T16732,2013-06-30,2112.0
T16732,2013-09-30,2103.0
T16732,2013-12-31,2100.0
T16732,2014-03-31,2168.0
T16732,2014-06-30,2279.0
T16823,2007-12-31,4540.0
T16823,2008-03-31,3990.0
T16823,2008-06-30,4680.0
T16823,2008-09-30,4630.0
T16823,2008-12-31,4380.0
T16823,2009-03-31,3730.0
T16823,2009-06-30,3550.0
T16823,2009-09-30,3480.0
T16823,2009-12-31,4270.0
T16823,2010-03-31,4110.0
T16823,2010-06-30,4580.0
T16823,2010-09-30,4720.0
T16823,2010-12-31,4940.0
T16823,2011-03-31,5080.0
T16823,2011-06-30,4940.0
T16823,2011-09-30,5250.0
T16823,2011-12-31,5680.0
T16823,2012-03-31,4960.0
T16823,2012-06-30,5100.0
T16823,2012-09-30,4710.0
T16823,2012-12-31,4730.0
T16823,2013-03-31,4480.0
T16823,2013-06-30,4650.0
T16823,2013-09-30,5020.0
T16823,2013-12-31,5100.0
T16823,2014-03-31,5200.0
T16823,2014-06-30,5520.0
T16850,2007-12-31,8000.0
T16850,2008-03-31,9600.0
T16850,2008-06-30,9800.0
T16850,2008-09-30,11600.0
T16850,2008-12-31,11500.0
T16850,2009-03-31,8300.0
T16850,2009-06-30,8500.0
T16850,2009-09-30,9100.0
T16850,2009-12-31,9600.0
T16850,2010-03-31,10800.0
T16850,2010-06-30,12400.0
T16850,2010-09-30,10200.0
T16850,2010-12-31,8600.0
T16850,2011-03-31,13500.0
T16850,2011-06-30,13600.0
T16850,2011-09-30,14400.0
T16850,2011-12-31,13700.0
T16850,2012-03-31,14000.0
T16850,2012-06-30,13400.0
T16850,2012-09-30,12500.0
T16850,2012-12-31,10100.0
T16850,2013-03-31,11200.0
T16850,2013-06-30,10100.0
T16850,2013-09-30,8000.0
T16850,2013-12-31,8600.0
T16850,2014-03-31,7700.0
T16850,2014-06-30,7000.0
T16879,2007-12-31,1110.0
T16879,2008-03-31,1150.0
T16879,2008-06-30,1180.0
T16879,2008-09-30,1120.0
T16879,2008-12-31,1100.0
T16879,2009-03-31,1060.0
T16879,2009-06-30,1180.0
T16879,2009-09-30,1170.0
T16879,2009-12-31,1240.0
T16879,2010-03-31,1080.0
T16879,2010-06-30,1150.0
T16879,2010-09-30,1230.0
T16879,2010-12-31,1230.0
T16879,2011-03-31,1190.0
T16879,2011-06-30,1210.0
T16879,2011-09-30,1170.0
T16879,2011-12-31,1200.0
T16879,2012-03-31,1130.0
T16879,2012-06-30,1150.0
T16879,2012-09-30,1240.0
T16879,2012-12-31,1140.0
T16879,2013-03-31,1130.0
T16879,2013-06-30,1210.0
T16879,2013-09-30,1170.0
T16879,2013-12-31,1370.0
T16879,2014-03-31,700.0
T16879,2014-06-30,740.0
T16886,2007-12-31,7630.0
T16886,2008-03-31,7250.0
T16886,2008-06-30,7550.0
T16886,2008-09-30,7250.0
T16886,2008-12-31,6880.0
T16886,2009-03-31,5810.0
T16886,2009-06-30,6240.0
T16886,2009-09-30,6440.0
T16886,2009-12-31,6820.0
T16886,2010-03-31,6330.0
T16886,2010-06-30,6720.0
T16886,2010-09-30,6690.0
T16886,2010-12-31,6800.0
T16886,2011-03-31,6800.0
T16886,2011-06-30,6760.0
T16886,2011-09-30,6570.0
T16886,2011-12-31,6340.0
T16886,2012-03-31,6370.0
T16886,2012-06-30,6370.0
T16886,2012-09-30,6640.0
T16886,2012-12-31,6280.0
T16886,2013-03-31,6010.0
T16886,2013-06-30,6400.0
T16886,2013-09-30,6260.0
T16886,2013-12-31,6210.0
T16886,2014-03-31,6140.0
T16886,2014-06-30,6150.0
T16920,2007-12-31,10840.0
T16920,2008-03-31,11160.0
T16920,2008-06-30,15350.0
T16920,2008-09-30,15320.0
T16920,2008-12-31,11880.0
T16920,2009-03-31,11550.0
T16920,2009-06-30,13190.0
T16920,2009-09-30,12820.0
T16920,2009-12-31,12820.0
T16920,2010-03-31,12420.0
T16920,2010-06-30,12790.0
T16920,2010-09-30,13480.0
T16920,2010-12-31,16280.0
T16920,2011-03-31,13010.0
T16920,2011-06-30,14440.0
T16920,2011-09-30,13230.0
T16920,2011-12-31,11500.0
T16920,2012-03-31,13060.0
T16920,2012-06-30,11580.0
T16920,2012-09-30,11830.0
T16920,2012-12-31,12190.0
T16920,2013-03-31,12160.0
T16920,2013-06-30,12290.0
T16920,2013-09-30,11450.0
T16920,2013-12-31,11500.0
T16920,2014-03-31,13310.0
T16920,2014-06-30,13270.0
T16931,2007-12-31,1770.0
T16931,2008-03-31,1640.0
T16931,2008-06-30,1670.0
T16931,2008-09-30,1720.0
T16931,2008-12-31,1560.0
T16931,2009-03-31,1640.0
T16931,2009-06-30,1570.0
T16931,2009-09-30,1580.0
T16931,2009-12-31,1650.0
T16931,2010-03-31,1640.0
T16931,2010-06-30,1750.0
T16931,2010-09-30,1950.0
T16931,2010-12-31,2070.0
T16931,2011-03-31,1990.0
T16931,2011-06-30,1810.0
T16931,2011-09-30,1730.0
T16931,2011-12-31,1970.0
T16931,2012-03-31,1830.0
T16931,2012-06-30,1900.0
T16931,2012-09-30,1940.0
T16931,2012-12-31,1840.0
T16931,2013-03-31,1930.0
T16931,2013-06-30,1980.0
T16931,2013-09-30,1920.0
T16931,2013-12-31,1820.0
T16931,2014-03-31,1940.0
T16931,2014-06-30,1850.0
T16945,2007-12-31,3410.0
T16945,2008-03-31,3390.0
T16945,2008-06-30,3470.0
T16945,2008-09-30,3460.0
T16945,2008-12-31,3270.0
T16945,2009-03-31,2790.0
T16945,2009-06-30,2520.0
T16945,2009-09-30,2510.0
T16945,2009-12-31,2870.0
T16945,2010-03-31,3080.0
T16945,2010-06-30,3260.0
T16945,2010-09-30,3250.0
T16945,2010-12-31,3010.0
T16945,2011-03-31,3310.0
T16945,2011-06-30,3190.0
T16945,2011-09-30,3100.0
T16945,2011-12-31,3230.0
T16945,2012-03-31,3170.0
T16945,2012-06-30,3100.0
T16945,2012-09-30,3250.0
T16945,2012-12-31,2840.0
T16945,2013-03-31,2770.0
T16945,2013-06-30,3070.0
T16945,2013-09-30,3320.0
T16945,2013-12-31,3440.0
T16945,2014-03-31,3440.0
T16945,2014-06-30,3230.0
T16962,2007-12-31,10780.0
T16962,2008-03-31,10990.0
T16962,2008-06-30,15280.0
T16962,2008-09-30,15450.0
T16962,2008-12-31,11990.0
T16962,2009-03-31,11720.0
T16962,2009-06-30,13270.0
T16962,2009-09-30,12680.0
T16962,2009-12-31,12710.0
T16962,2010-03-31,12460.0
T16962,2010-06-30,12800.0
T16962,2010-09-30,13470.0
T16962,2010-12-31,16240.0
T16962,2011-03-31,12970.0
T16962,2011-06-30,14420.0
T16962,2011-09-30,13230.0
T16962,2011-12-31,11560.0
T16962,2012-03-31,12800.0
T16962,2012-06-30,11710.0
T16962,2012-09-30,11930.0
T16962,2012-12-31,12220.0
T16962,2013-03-31,12130.0
T16962,2013-06-30,12380.0
T16962,2013-09-30,11440.0
T16962,2013-12-31,11450.0
T16962,2014-03-31,13390.0
T16962,2014-06-30,13210.0
T16965,2007-12-31,3186.0
T16965,2008-03-31,3515.0
T16965,2008-06-30,3750.0
T16965,2008-09-30,3819.0
T16965,2008-12-31,3817.0
T16965,2009-03-31,3918.0
T16965,2009-06-30,3940.0
T16965,2009-09-30,3779.0
T16965,2009-12-31,4042.0
T16965,2010-03-31,3910.0
T16965,2010-06-30,4021.0
T16965,2010-09-30,4024.0
T16965,2010-12-31,4069.0
T16965,2011-03-31,4199.0
T16965,2011-06-30,4308.0
T16965,2011-09-30,4514.0
T16965,2011-12-31,4551.0
T16965,2012-03-31,4460.0
T16965,2012-06-30,4486.0
T16965,2012-09-30,4636.0
T16965,2012-12-31,4547.0
T16965,2013-03-31,4759.0
T16965,2013-06-30,4861.0
T16965,2013-09-30,4996.0
T16965,2013-12-31,4968.0
T16965,2014-03-31,4891.0
T16965,2014-06-30,4971.0
T17010,2007-12-31,1408.0
T17010,2008-03-31,1391.0
T17010,2008-06-30,1385.0
T17010,2008-09-30,1402.0
T17010,2008-12-31,1356.0
T17010,2009-03-31,1231.0
T17010,2009-06-30,1191.0
T17010,2009-09-30,1326.0
T17010,2009-12-31,1291.0
T17010,2010-03-31,1278.0
T17010,2010-06-30,1288.0
T17010,2010-09-30,1318.0
T17010,2010-12-31,1326.0
T17010,2011-03-31,1263.0
T17010,2011-06-30,1245.0
T17010,2011-09-30,1296.0
T17010,2011-12-31,1207.0
T17010,2012-03-31,1169.0
T17010,2012-06-30,1216.0
T17010,2012-09-30,1213.0
T17010,2012-12-31,1211.0
T17010,2013-03-31,1216.0
T17010,2013-06-30,1242.0
T17010,2013-09-30,1287.0
T17010,2013-12-31,1322.0
T17010,2014-03-31,1302.0
T17010,2014-06-30,1284.0
T17055,2007-12-31,7320.0
T17055,2008-03-31,8280.0
T17055,2008-06-30,8680.0
T17055,2008-09-30,8680.0
T17055,2008-12-31,8140.0
T17055,2009-03-31,7810.0
T17055,2009-06-30,8780.0
T17055,2009-09-30,9990.0
T17055,2009-12-31,9230.0
T17055,2010-03-31,9170.0
T17055,2010-06-30,9660.0
T17055,2010-09-30,9820.0
T17055,2010-12-31,10800.0
T17055,2011-03-31,10250.0
T17055,2011-06-30,11000.0
T17055,2011-09-30,13720.0
T17055,2011-12-31,11480.0
T17055,2012-03-31,12980.0
T17055,2012-06-30,13870.0
T17055,2012-09-30,16200.0
T17055,2012-12-31,15480.0
T17055,2013-03-31,13050.0
T17055,2013-06-30,12140.0
T17055,2013-09-30,10370.0
T17055,2013-12-31,12440.0
T17055,2014-03-31,11600.0
T17055,2014-06-30,11810.0
T17069,2007-12-31,5590.0
T17069,2008-03-31,5000.0
T17069,2008-06-30,6210.0
T17069,2008-09-30,6590.0
T17069,2008-12-31,7980.0
T17069,2009-03-31,5710.0
T17069,2009-06-30,6110.0
T17069,2009-09-30,6820.0
T17069,2009-12-31,6510.0
T17069,2010-03-31,6120.0
T17069,2010-06-30,6630.0
T17069,2010-09-30,4930.0
T17069,2010-12-31,5800.0
T17069,2011-03-31,5780.0
T17069,2011-06-30,5250.0
T17069,2011-09-30,5780.0
T17069,2011-12-31,6100.0
T17069,2012-03-31,8340.0
T17069,2012-06-30,9860.0
T17069,2012-09-30,9600.0
T17069,2012-12-31,7460.0
T17069,2013-03-31,2330.0
T17069,2013-06-30,7500.0
T17069,2013-09-30,11540.0
T17069,2013-12-31,8810.0
T17069,2014-03-31,11360.0
T17069,2014-06-30,9560.0
T17082,2007-12-31,5140.0
T17082,2008-03-31,5510.0
T17082,2008-06-30,5320.0
T17082,2008-09-30,5850.0
T17082,2008-12-31,5350.0
T17082,2009-03-31,5600.0
T17082,2009-06-30,5780.0
T17082,2009-09-30,5970.0
T17082,2009-12-31,6410.0
T17082,2010-03-31,6390.0
T17082,2010-06-30,6800.0
T17082,2010-09-30,6490.0
T17082,2010-12-31,6540.0
T17082,2011-03-31,7110.0
T17082,2011-06-30,7110.0
T17082,2011-09-30,7500.0
T17082,2011-12-31,7710.0
T17082,2012-03-31,6510.0
T17082,2012-06-30,6560.0
T17082,2012-09-30,6920.0
T17082,2012-12-31,6630.0
T17082,2013-03-31,6910.0
T17082,2013-06-30,7090.0
T17082,2013-09-30,6700.0
T17082,2013-12-31,6540.0
T17082,2014-03-31,6730.0
T17082,2014-06-30,6740.0
T17101,2007-12-31,1380.0
T17101,2008-03-31,1370.0
T17101,2008-06-30,1400.0
T17101,2008-09-30,1310.0
T17101,2008-12-31,1250.0
T17101,2009-03-31,1160.0
T17101,2009-06-30,1140.0
T17101,2009-09-30,1090.0
T17101,2009-12-31,1110.0
T17101,2010-03-31,1120.0
T17101,2010-06-30,1140.0
T17101,2010-09-30,1180.0
T17101,2010-12-31,1170.0
T17101,2011-03-31,1280.0
T17101,2011-06-30,1280.0
T17101,2011-09-30,1310.0
T17101,2011-12-31,1290.0
T17101,2012-03-31,1170.0
T17101,2012-06-30,1170.0
T17101,2012-09-30,1140.0
T17101,2012-12-31,1150.0
T17101,2013-03-31,1160.0
T17101,2013-06-30,1140.0
T17101,2013-09-30,1190.0
T17101,2013-12-31,1210.0
T17101,2014-03-31,1290.0
T17101,2014-06-30,1300.0
T17111,2007-12-31,1680.0
T17111,2008-03-31,1380.0
T17111,2008-06-30,1310.0
T17111,2008-09-30,2240.0
T17111,2008-12-31,1400.0
T17111,2009-03-31,1480.0
T17111,2009-06-30,1060.0
T17111,2009-09-30,3070.0
T17111,2009-12-31,1910.0
T17111,2010-03-31,1260.0
T17111,2010-06-30,1610.0
T17111,2010-09-30,1500.0
T17111,2010-12-31,1950.0
T17111,2011-03-31,1810.0
T17111,2011-06-30,1910.0
T17111,2011-09-30,1520.0
T17111,2011-12-31,2080.0
T17111,2012-03-31,1800.0
T17111,2012-06-30,1990.0
T17111,2012-09-30,2020.0
T17111,2012-12-31,2420.0
T17111,2013-03-31,1990.0
T17111,2013-06-30,2000.0
T17111,2013-09-30,1580.0
T17111,2013-12-31,3250.0
T17111,2014-03-31,1730.0
T17111,2014-06-30,1760.0
T17117,2007-12-31,5700.0
T17117,2008-03-31,3400.0
T17117,2008-06-30,3510.0
T17117,2008-09-30,4680.0
T17117,2008-12-31,4410.0
T17117,2009-03-31,2490.0
T17117,2009-06-30,3290.0
T17117,2009-09-30,4000.0
T17117,2009-12-31,4780.0
T17117,2010-03-31,2980.0
T17117,2010-06-30,3830.0
T17117,2010-09-30,4180.0
T17117,2010-12-31,4810.0
T17117,2011-03-31,3440.0
T17117,2011-06-30,3940.0
T17117,2011-09-30,4930.0
T17117,2011-12-31,5750.0
T17117,2012-03-31,3080.0
T17117,2012-06-30,3990.0
T17117,2012-09-30,5330.0
T17117,2012-12-31,5650.0
T17117,2013-03-31,3390.0
T17117,2013-06-30,4250.0
T17117,2013-09-30,4610.0
T17117,2013-12-31,5380.0
T17117,2014-03-31,3850.0
T17117,2014-06-30,4430.0
T17160,2007-12-31,1290.0
T17160,2008-03-31,1250.0
T17160,2008-06-30,1250.0
T17160,2008-09-30,1220.0
T17160,2008-12-31,1180.0
T17160,2009-03-31,1160.0
T17160,2009-06-30,1160.0
T17160,2009-09-30,1150.0
T17160,2009-12-31,1240.0
T17160,2010-03-31,1260.0
T17160,2010-06-30,1300.0
T17160,2010-09-30,1320.0
T17160,2010-12-31,1360.0
T17160,2011-03-31,1420.0
T17160,2011-06-30,1360.0
T17160,2011-09-30,1300.0
T17160,2011-12-31,1440.0
T17160,2012-03-31,1400.0
T17160,2012-06-30,1530.0
T17160,2012-09-30,1510.0
T17160,2012-12-31,1480.0
T17160,2013-03-31,1470.0
T17160,2013-06-30,1460.0
T17160,2013-09-30,1480.0
T17160,2013-12-31,1380.0
T17160,2014-03-31,1450.0
T17160,2014-06-30,1400.0
T17169,2007-12-31,990.0
T17169,2008-03-31,840.0
T17169,2008-06-30,730.0
T17169,2008-09-30,790.0
T17169,2008-12-31,880.0
T17169,2009-03-31,1100.0
T17169,2009-06-30,1160.0
T17169,2009-09-30,1090.0
T17169,2009-12-31,1130.0
T17169,2010-03-31,1020.0
T17169,2010-06-30,1020.0
T17169,2010-09-30,1220.0
T17169,2010-12-31,1140.0
T17169,2011-03-31,1180.0
T17169,2011-06-30,1210.0
T17169,2011-09-30,1290.0
T17169,2011-12-31,1400.0
T17169,2012-03-31,1060.0
T17169,2012-06-30,1300.0
T17169,2012-09-30,1170.0
T17169,2012-12-31,1190.0
T17169,2013-03-31,1240.0
T17169,2013-06-30,1260.0
T17169,2013-09-30,1260.0
T17169,2013-12-31,1390.0
T17169,2014-03-31,1470.0
T17169,2014-06-30,1340.0
T17224,2007-12-31,3300.0
T17224,2008-03-31,2900.0
T17224,2008-06-30,3600.0
T17224,2008-09-30,4300.0
T17224,2008-12-31,3800.0
T17224,2009-03-31,3500.0
T17224,2009-06-30,4100.0
T17224,2009-09-30,4300.0
T17224,2009-12-31,3300.0
T17224,2010-03-31,2300.0
T17224,2010-06-30,3500.0
T17224,2010-09-30,4300.0
T17224,2010-12-31,3800.0
T17224,2011-03-31,3200.0
T17224,2011-06-30,4000.0
T17224,2011-09-30,3500.0
T17224,2011-12-31,2200.0
T17224,2012-03-31,2600.0
T17224,2012-06-30,2700.0
T17224,2012-09-30,3700.0
T17224,2012-12-31,5300.0
T17224,2013-03-31,6700.0
T17224,2013-06-30,6800.0
T17224,2013-09-30,7200.0
T17224,2013-12-31,6500.0
T17224,2014-03-31,7100.0
T17224,2014-06-30,7200.0
T17252,2007-12-31,1690.0
T17252,2008-03-31,1630.0
T17252,2008-06-30,2090.0
T17252,2008-09-30,2210.0
T17252,2008-12-31,2210.0
T17252,2009-03-31,1940.0
T17252,2009-06-30,1800.0
T17252,2009-09-30,1660.0
T17252,2009-12-31,1420.0
T17252,2010-03-31,1420.0
T17252,2010-06-30,2110.0
T17252,2010-09-30,2140.0
T17252,2010-12-31,2090.0
T17252,2011-03-31,2020.0
T17252,2011-06-30,2170.0
T17252,2011-09-30,1870.0
T17252,2011-12-31,1400.0
T17252,2012-03-31,1440.0
T17252,2012-06-30,1830.0
T17252,2012-09-30,2180.0
T17252,2012-12-31,2460.0
T17252,2013-03-31,3270.0
T17252,2013-06-30,3140.0
T17252,2013-09-30,3480.0
T17252,2013-12-31,3680.0
T17252,2014-03-31,3880.0
T17252,2014-06-30,3950.0
T17265,2007-12-31,1130.0
T17265,2008-03-31,1410.0
T17265,2008-06-30,1340.0
T17265,2008-09-30,1410.0
T17265,2008-12-31,1360.0
T17265,2009-03-31,1280.0
T17265,2009-06-30,1140.0
T17265,2009-09-30,1030.0
T17265,2009-12-31,1150.0
T17265,2010-03-31,1500.0
T17265,2010-06-30,1460.0
T17265,2010-09-30,1820.0
T17265,2010-12-31,1830.0
T17265,2011-03-31,2060.0
T17265,2011-06-30,1770.0
T17265,2011-09-30,1660.0
T17265,2011-12-31,1780.0
T17265,2012-03-31,1950.0
T17265,2012-06-30,2270.0
T17265,2012-09-30,2630.0
T17265,2012-12-31,2860.0
T17265,2013-03-31,3470.0
T17265,2013-06-30,3250.0
T17265,2013-09-30,3140.0
T17265,2013-12-31,2750.0
T17265,2014-03-31,3700.0
T17265,2014-06-30,3250.0
T17297,2007-12-31,3000.0
T17297,2008-03-31,4300.0
T17297,2008-06-30,3900.0
T17297,2008-09-30,4400.0
T17297,2008-12-31,4000.0
T17297,2009-03-31,4000.0
T17297,2009-06-30,4400.0
T17297,2009-09-30,4000.0
T17297,2009-12-31,4600.0
T17297,2010-03-31,4600.0
T17297,2010-06-30,4700.0
T17297,2010-09-30,5000.0
T17297,2010-12-31,4000.0
T17297,2011-03-31,5100.0
T17297,2011-06-30,4900.0
T17297,2011-09-30,5200.0
T17297,2011-12-31,5600.0
T17297,2012-03-31,5500.0
T17297,2012-06-30,6400.0
T17297,2012-09-30,6500.0
T17297,2012-12-31,6600.0
T17297,2013-03-31,6600.0
T17297,2013-06-30,5900.0
T17297,2013-09-30,6000.0
T17297,2013-12-31,6300.0
T17297,2014-03-31,6800.0
T17297,2014-06-30,7000.0
T17325,2007-12-31,7200.0
T17325,2008-03-31,5460.0
T17325,2008-06-30,5770.0
T17325,2008-09-30,4850.0
T17325,2008-12-31,4980.0
T17325,2009-03-31,3570.0
T17325,2009-06-30,6050.0
T17325,2009-09-30,3190.0
T17325,2009-12-31,3980.0
T17325,2010-03-31,6600.0
T17325,2010-06-30,6220.0
T17325,2010-09-30,6050.0
T17325,2010-12-31,8450.0
T17325,2011-03-31,6130.0
T17325,2011-06-30,6370.0
T17325,2011-09-30,6180.0
T17325,2011-12-31,8050.0
T17325,2012-03-31,6300.0
T17325,2012-06-30,9280.0
T17325,2012-09-30,9880.0
T17325,2012-12-31,12720.0
T17325,2013-03-31,6880.0
T17325,2013-06-30,11810.0
T17325,2013-09-30,8480.0
T17325,2013-12-31,6840.0
T17325,2014-03-31,7060.0
T17325,2014-06-30,8400.0
T17342,2007-12-31,4600.0
T17342,2008-03-31,4400.0
T17342,2008-06-30,4700.0
T17342,2008-09-30,5000.0
T17342,2008-12-31,5600.0
T17342,2009-03-31,3600.0
T17342,2009-06-30,4600.0
T17342,2009-09-30,3900.0
T17342,2009-12-31,4600.0
T17342,2010-03-31,3800.0
T17342,2010-06-30,4700.0
T17342,2010-09-30,4600.0
T17342,2010-12-31,4700.0
T17342,2011-03-31,4600.0
T17342,2011-06-30,5000.0
T17342,2011-09-30,4700.0
T17342,2011-12-31,5600.0
T17342,2012-03-31,6100.0
T17342,2012-06-30,5400.0
T17342,2012-09-30,5900.0
T17342,2012-12-31,4000.0
T17342,2013-03-31,3700.0
T17342,2013-06-30,3800.0
T17342,2013-09-30,3700.0
T17342,2013-12-31,3400.0
T17342,2014-03-31,3500.0
T17342,2014-06-30,2700.0
T17353,2007-12-31,6470.0
T17353,2008-03-31,5950.0
T17353,2008-06-30,6660.0
T17353,2008-09-30,7700.0
T17353,2008-12-31,8720.0
T17353,2009-03-31,5970.0
T17353,2009-06-30,6190.0
T17353,2009-09-30,5850.0
T17353,2009-12-31,5780.0
T17353,2010-03-31,5090.0
T17353,2010-06-30,5940.0
T17353,2010-09-30,6580.0
T17353,2010-12-31,7100.0
T17353,2011-03-31,6890.0
T17353,2011-06-30,6740.0
T17353,2011-09-30,7380.0
T17353,2011-12-31,8050.0
T17353,2012-03-31,7790.0
T17353,2012-06-30,7150.0
T17353,2012-09-30,7490.0
T17353,2012-12-31,7270.0
T17353,2013-03-31,6320.0
T17353,2013-06-30,6700.0
T17353,2013-09-30,6610.0
T17353,2013-12-31,6710.0
T17353,2014-03-31,5880.0
T17353,2014-06-30,6340.0
T17407,2007-12-31,9928.0
T17407,2008-03-31,10419.0
T17407,2008-06-30,13868.0
T17407,2008-09-30,13984.0
T17407,2008-12-31,10929.0
T17407,2009-03-31,8897.0
T17407,2009-06-30,8215.0
T17407,2009-09-30,8974.0
T17407,2009-12-31,9479.0
T17407,2010-03-31,9828.0
T17407,2010-06-30,10847.0
T17407,2010-09-30,11798.0
T17407,2010-12-31,12444.0
T17407,2011-03-31,13951.0
T17407,2011-06-30,15954.0
T17407,2011-09-30,16580.0
T17407,2011-12-31,16654.0
T17407,2012-03-31,16773.0
T17407,2012-06-30,16641.0
T17407,2012-09-30,16765.0
T17407,2012-12-31,17145.0
T17407,2013-03-31,16075.0
T17407,2013-06-30,17143.0
T17407,2013-09-30,16245.0
T17407,2013-12-31,15036.0
T17407,2014-03-31,14078.0
T17407,2014-06-30,13532.0
T17418,2007-12-31,1110.0
T17418,2008-03-31,1210.0
T17418,2008-06-30,1270.0
T17418,2008-09-30,1400.0
T17418,2008-12-31,1470.0
T17418,2009-03-31,1300.0
T17418,2009-06-30,1450.0
T17418,2009-09-30,1430.0
T17418,2009-12-31,1530.0
T17418,2010-03-31,1510.0
T17418,2010-06-30,1740.0
T17418,2010-09-30,1760.0
T17418,2010-12-31,1800.0
T17418,2011-03-31,1860.0
T17418,2011-06-30,1940.0
T17418,2011-09-30,2070.0
T17418,2011-12-31,2080.0
T17418,2012-03-31,2000.0
T17418,2012-06-30,2070.0
T17418,2012-09-30,2120.0
T17418,2012-12-31,1970.0
T17418,2013-03-31,1970.0
T17418,2013-06-30,1900.0
T17418,2013-09-30,1860.0
T17418,2013-12-31,1820.0
T17418,2014-03-31,1960.0
T17418,2014-06-30,1730.0
T17437,2007-12-31,2498.0
T17437,2008-03-31,2696.0
T17437,2008-06-30,2727.0
T17437,2008-09-30,2641.0
T17437,2008-12-31,2252.0
T17437,2009-03-31,2290.0
T17437,2009-06-30,2120.0
T17437,2009-09-30,2253.0
T17437,2009-12-31,2589.0
T17437,2010-03-31,2626.0
T17437,2010-06-30,2583.0
T17437,2010-09-30,2350.0
T17437,2010-12-31,2494.0
T17437,2011-03-31,2624.0
T17437,2011-06-30,2485.0
T17437,2011-09-30,2461.0
T17437,2011-12-31,2384.0
T17437,2012-03-31,2202.0
T17437,2012-06-30,2052.0
T17437,2012-09-30,2097.0
T17437,2012-12-31,2130.0
T17437,2013-03-31,2055.0
T17437,2013-06-30,2186.0
T17437,2013-09-30,2168.0
T17437,2013-12-31,2145.0
T17437,2014-03-31,2229.0
T17437,2014-06-30,2467.0
T17452,2007-12-31,7100.0
T17452,2008-03-31,8300.0
T17452,2008-06-30,7800.0
T17452,2008-09-30,8200.0
T17452,2008-12-31,8700.0
T17452,2009-03-31,7900.0
T17452,2009-06-30,7800.0
T17452,2009-09-30,8200.0
T17452,2009-12-31,7800.0
T17452,2010-03-31,8100.0
T17452,2010-06-30,9100.0
T17452,2010-09-30,8800.0
T17452,2010-12-31,8800.0
T17452,2011-03-31,9500.0
T17452,2011-06-30,9600.0
T17452,2011-09-30,10100.0
T17452,2011-12-31,9900.0
T17452,2012-03-31,9100.0
T17452,2012-06-30,8800.0
T17452,2012-09-30,8800.0
T17452,2012-12-31,8900.0
T17452,2013-03-31,8100.0
T17452,2013-06-30,8700.0
T17452,2013-09-30,8600.0
T17452,2013-12-31,8400.0
T17452,2014-03-31,11000.0
T17452,2014-06-30,10400.0
T17475,2007-12-31,8500.0
T17475,2008-03-31,8800.0
T17475,2008-06-30,9200.0
T17475,2008-09-30,9400.0
T17475,2008-12-31,9800.0
T17475,2009-03-31,10200.0
T17475,2009-06-30,9500.0
T17475,2009-09-30,9400.0
T17475,2009-12-31,9600.0
T17475,2010-03-31,9900.0
T17475,2010-06-30,10300.0
T17475,2010-09-30,10300.0
T17475,2010-12-31,10700.0
T17475,2011-03-31,11000.0
T17475,2011-06-30,11600.0
T17475,2011-09-30,12100.0
T17475,2011-12-31,12000.0
T17475,2012-03-31,11900.0
T17475,2012-06-30,11700.0
T17475,2012-09-30,11400.0
T17475,2012-12-31,11200.0
T17475,2013-03-31,11600.0
T17475,2013-06-30,11300.0
T17475,2013-09-30,11100.0
T17475,2013-12-31,10800.0
T17475,2014-03-31,10700.0
T17475,2014-06-30,10600.0
T17489,2007-12-31,8900.0
T17489,2008-03-31,9000.0
T17489,2008-06-30,9500.0
T17489,2008-09-30,9100.0
T17489,2008-12-31,7900.0
T17489,2009-03-31,6800.0
T17489,2009-06-30,6900.0
T17489,2009-09-30,7200.0
T17489,2009-12-31,7800.0
T17489,2010-03-31,8000.0
T17489,2010-06-30,8400.0
T17489,2010-09-30,8700.0
T17489,2010-12-31,8800.0
T17489,2011-03-31,9100.0
T17489,2011-06-30,8900.0
T17489,2011-09-30,9100.0
T17489,2011-12-31,9300.0
T17489,2012-03-31,9300.0
T17489,2012-06-30,9000.0
T17489,2012-09-30,9100.0
T17489,2012-12-31,8800.0
T17489,2013-03-31,9000.0
T17489,2013-06-30,9300.0
T17489,2013-09-30,9800.0
T17489,2013-12-31,9500.0
T17489,2014-03-31,9700.0
T17489,2014-06-30,9900.0
T17510,2007-12-31,8400.0
T17510,2008-03-31,8500.0
T17510,2008-06-30,8700.0
T17510,2008-09-30,8300.0
T17510,2008-12-31,7800.0
T17510,2009-03-31,7400.0
T17510,2009-06-30,7600.0
T17510,2009-09-30,7500.0
T17510,2009-12-31,7900.0
T17510,2010-03-31,8100.0
T17510,2010-06-30,8200.0
T17510,2010-09-30,8400.0
T17510,2010-12-31,8500.0
T17510,2011-03-31,8500.0
T17510,2011-06-30,8100.0
T17510,2011-09-30,8600.0
T17510,2011-12-31,8600.0
T17510,2012-03-31,8600.0
T17510,2012-06-30,8800.0
T17510,2012-09-30,9000.0
T17510,2012-12-31,8300.0
T17510,2013-03-31,8700.0
T17510,2013-06-30,8800.0
T17510,2013-09-30,9000.0
T17510,2013-12-31,9200.0
T17510,2014-03-31,9500.0
T17510,2014-06-30,9900.0
T17533,2007-12-31,1440.0
T17533,2008-03-31,1030.0
T17533,2008-06-30,840.0
T17533,2008-09-30,1550.0
T17533,2008-12-31,1530.0
T17533,2009-03-31,1120.0
T17533,2009-06-30,850.0
T17533,2009-09-30,1470.0
T17533,2009-12-31,1480.0
T17533,2010-03-31,1040.0
T17533,2010-06-30,850.0
T17533,2010-09-30,1540.0
T17533,2010-12-31,1590.0
T17533,2011-03-31,1150.0
T17533,2011-06-30,1010.0
T17533,2011-09-30,1790.0
T17533,2011-12-31,1810.0
T17533,2012-03-31,1230.0
T17533,2012-06-30,1000.0
T17533,2012-09-30,1670.0
T17533,2012-12-31,1760.0
T17533,2013-03-31,1190.0
T17533,2013-06-30,1040.0
T17533,2013-09-30,1700.0
T17533,2013-12-31,1950.0
T17533,2014-03-31,1330.0
T17533,2014-06-30,1380.0
T17555,2007-12-31,2010.0
T17555,2008-03-31,1730.0
T17555,2008-06-30,3020.0
T17555,2008-09-30,1800.0
T17555,2008-12-31,2220.0
T17555,2009-03-31,1940.0
T17555,2009-06-30,1480.0
T17555,2009-09-30,1660.0
T17555,2009-12-31,2590.0
T17555,2010-03-31,1630.0
T17555,2010-06-30,2110.0
T17555,2010-09-30,2480.0
T17555,2010-12-31,3920.0
T17555,2011-03-31,2730.0
T17555,2011-06-30,3180.0
T17555,2011-09-30,3340.0
T17555,2011-12-31,3430.0
T17555,2012-03-31,2620.0
T17555,2012-06-30,2280.0
T17555,2012-09-30,2870.0
T17555,2012-12-31,4220.0
T17555,2013-03-31,3830.0
T17555,2013-06-30,2580.0
T17555,2013-09-30,2910.0
T17555,2013-12-31,4090.0
T17555,2014-03-31,3370.0
T17555,2014-06-30,2970.0
T17566,2007-12-31,8800.0
T17566,2008-03-31,9200.0
T17566,2008-06-30,9200.0
T17566,2008-09-30,7800.0
T17566,2008-12-31,8700.0
T17566,2009-03-31,14400.0
T17566,2009-06-30,9300.0
T17566,2009-09-30,5600.0
T17566,2009-12-31,6400.0
T17566,2010-03-31,7400.0
T17566,2010-06-30,9100.0
T17566,2010-09-30,8600.0
T17566,2010-12-31,11100.0
T17566,2011-03-31,12000.0
T17566,2011-06-30,5900.0
T17566,2011-09-30,7000.0
T17566,2011-12-31,6300.0
T17566,2012-03-31,6800.0
T17566,2012-06-30,5700.0
T17566,2012-09-30,9300.0
T17566,2012-12-31,11700.0
T17566,2013-03-31,10100.0
T17566,2013-06-30,11100.0
T17566,2013-09-30,8700.0
T17566,2013-12-31,10500.0
T17566,2014-03-31,11300.0
T17566,2014-06-30,9700.0
T17574,2007-12-31,1974.0
T17574,2008-03-31,2126.0
T17574,2008-06-30,2869.0
T17574,2008-09-30,3197.0
T17574,2008-12-31,2010.0
T17574,2009-03-31,1765.0
T17574,2009-06-30,1709.0
T17574,2009-09-30,2060.0
T17574,2009-12-31,2334.0
T17574,2010-03-31,2222.0
T17574,2010-06-30,2432.0
T17574,2010-09-30,2488.0
T17574,2010-12-31,2723.0
T17574,2011-03-31,3685.0
T17574,2011-06-30,3909.0
T17574,2011-09-30,3077.0
T17574,2011-12-31,3153.0
T17574,2012-03-31,3529.0
T17574,2012-06-30,2969.0
T17574,2012-09-30,3123.0
T17574,2012-12-31,2742.0
T17574,2013-03-31,4090.0
T17574,2013-06-30,3325.0
T17574,2013-09-30,3353.0
T17574,2013-12-31,2532.0
T17574,2014-03-31,2658.0
T17574,2014-06-30,2580.0
T17589,2007-12-31,8400.0
T17589,2008-03-31,8200.0
T17589,2008-06-30,8540.0
T17589,2008-09-30,6620.0
T17589,2008-12-31,6070.0
T17589,2009-03-31,5290.0
T17589,2009-06-30,5040.0
T17589,2009-09-30,4590.0
T17589,2009-12-31,5090.0
T17589,2010-03-31,5070.0
T17589,2010-06-30,5640.0
T17589,2010-09-30,5250.0
T17589,2010-12-31,6020.0
T17589,2011-03-31,6250.0
T17589,2011-06-30,6970.0
T17589,2011-09-30,6430.0
T17589,2011-12-31,5800.0
T17589,2012-03-31,5690.0
T17589,2012-06-30,5510.0
T17589,2012-09-30,4680.0
T17589,2012-12-31,4470.0
T17589,2013-03-31,4850.0
T17589,2013-06-30,5190.0
T17589,2013-09-30,4880.0
T17589,2013-12-31,4600.0
T17589,2014-03-31,5200.0
T17589,2014-06-30,5340.0
T17605,2007-12-31,2750.0
T17605,2008-03-31,2100.0
T17605,2008-06-30,2700.0
T17605,2008-09-30,3010.0
T17605,2008-12-31,2700.0
T17605,2009-03-31,2030.0
T17605,2009-06-30,2410.0
T17605,2009-09-30,2550.0
T17605,2009-12-31,2860.0
T17605,2010-03-31,2150.0
T17605,2010-06-30,2550.0
T17605,2010-09-30,2930.0
T17605,2010-12-31,2850.0
T17605,2011-03-31,2050.0
T17605,2011-06-30,2430.0
T17605,2011-09-30,2540.0
T17605,2011-12-31,2690.0
T17605,2012-03-31,2150.0
T17605,2012-06-30,2230.0
T17605,2012-09-30,2560.0
T17605,2012-12-31,2780.0
T17605,2013-03-31,2140.0
T17605,2013-06-30,2230.0
T17605,2013-09-30,2650.0
T17605,2013-12-31,2600.0
T17605,2014-03-31,1970.0
T17605,2014-06-30,2340.0
T17637,2007-12-31,5950.0
T17637,2008-03-31,6490.0
T17637,2008-06-30,6900.0
T17637,2008-09-30,6760.0
T17637,2008-12-31,6300.0
T17637,2009-03-31,5740.0
T17637,2009-06-30,5910.0
T17637,2009-09-30,5080.0
T17637,2009-12-31,5230.0
T17637,2010-03-31,5860.0
T17637,2010-06-30,6920.0
T17637,2010-09-30,7210.0
T17637,2010-12-31,6210.0
T17637,2011-03-31,6680.0
T17637,2011-06-30,6830.0
T17637,2011-09-30,7200.0
T17637,2011-12-31,6650.0
T17637,2012-03-31,7010.0
T17637,2012-06-30,7260.0
T17637,2012-09-30,7170.0
T17637,2012-12-31,6280.0
T17637,2013-03-31,6710.0
T17637,2013-06-30,7240.0
T17637,2013-09-30,7050.0
T17637,2013-12-31,6680.0
T17637,2014-03-31,7020.0
T17637,2014-06-30,7440.0
T17675,2007-12-31,6900.0
T17675,2008-03-31,5900.0
T17675,2008-06-30,7800.0
T17675,2008-09-30,7200.0
T17675,2008-12-31,7000.0
T17675,2009-03-31,5300.0
T17675,2009-06-30,5900.0
T17675,2009-09-30,5600.0
T17675,2009-12-31,6800.0
T17675,2010-03-31,5600.0
T17675,2010-06-30,7000.0
T17675,2010-09-30,7200.0
T17675,2010-12-31,7500.0
T17675,2011-03-31,7100.0
T17675,2011-06-30,8400.0
T17675,2011-09-30,8900.0
T17675,2011-12-31,8400.0
T17675,2012-03-31,7500.0
T17675,2012-06-30,7600.0
T17675,2012-09-30,8300.0
T17675,2012-12-31,8600.0
T17675,2013-03-31,7100.0
T17675,2013-06-30,8600.0
T17675,2013-09-30,9100.0
T17675,2013-12-31,9200.0
T17675,2014-03-31,8500.0
T17675,2014-06-30,9600.0
T17722,2007-12-31,8234.0
T17722,2008-03-31,9081.0
T17722,2008-06-30,9079.0
T17722,2008-09-30,9758.0
T17722,2008-12-31,7800.0
T17722,2009-03-31,9282.0
T17722,2009-06-30,8841.0
T17722,2009-09-30,7924.0
T17722,2009-12-31,7143.0
T17722,2010-03-31,8961.0
T17722,2010-06-30,8881.0
T17722,2010-09-30,8217.0
T17722,2010-12-31,7793.0
T17722,2011-03-31,9953.0
T17722,2011-06-30,9531.0
T17722,2011-09-30,9405.0
T17722,2011-12-31,7755.0
T17722,2012-03-31,9826.0
T17722,2012-06-30,9505.0
T17722,2012-09-30,9043.0
T17722,2012-12-31,7632.0
T17722,2013-03-31,8969.0
T17722,2013-06-30,9963.0
T17722,2013-09-30,8121.0
T17722,2013-12-31,7979.0
T17722,2014-03-31,10356.0
T17722,2014-06-30,9030.0
T17724,2007-12-31,3254.0
T17724,2008-03-31,4852.0
T17724,2008-06-30,4589.0
T17724,2008-09-30,4254.0
T17724,2008-12-31,3729.0
T17724,2009-03-31,4194.0
T17724,2009-06-30,4177.0
T17724,2009-09-30,3601.0
T17724,2009-12-31,3521.0
T17724,2010-03-31,3639.0
T17724,2010-06-30,3188.0
T17724,2010-09-30,3146.0
T17724,2010-12-31,2892.0
T17724,2011-03-31,3887.0
T17724,2011-06-30,3988.0
T17724,2011-09-30,3836.0
T17724,2011-12-31,3266.0
T17724,2012-03-31,4059.0
T17724,2012-06-30,3730.0
T17724,2012-09-30,2847.0
T17724,2012-12-31,3075.0
T17724,2013-03-31,3659.0
T17724,2013-06-30,3426.0
T17724,2013-09-30,2394.0
T17724,2013-12-31,2484.0
T17724,2014-03-31,3449.0
T17724,2014-06-30,3072.0
T17738,2007-12-31,7655.8
T17738,2008-03-31,8017.5
T17738,2008-06-30,8425.3
T17738,2008-09-30,7929.1
T17738,2008-12-31,7738.6
T17738,2009-03-31,6372.8
T17738,2009-06-30,6044.8
T17738,2009-09-30,6257.0
T17738,2009-12-31,7002.0
T17738,2010-03-31,7722.5
T17738,2010-06-30,8505.4
T17738,2010-09-30,8850.0
T17738,2010-12-31,9338.9
T17738,2011-03-31,9062.0
T17738,2011-06-30,9667.6
T17738,2011-09-30,9855.9
T17738,2011-12-31,9617.8
T17738,2012-03-31,9567.7
T17738,2012-06-30,10377.8
T17738,2012-09-30,9531.2
T17738,2012-12-31,9705.9
T17738,2013-03-31,8257.7
T17738,2013-06-30,8874.4
T17738,2013-09-30,8936.2
T17738,2013-12-31,9074.8
T17738,2014-03-31,9034.5
T17738,2014-06-30,9445.8
T22485,2007-12-31,6900.0
T22485,2008-03-31,10200.0
T22485,2008-06-30,9000.0
T22485,2008-09-30,6900.0
T22485,2008-12-31,6500.0
T22485,2009-03-31,9100.0
T22485,2009-06-30,8500.0
T22485,2009-09-30,6800.0
T22485,2009-12-31,6600.0
T22485,2010-03-31,8800.0
T22485,2010-06-30,8800.0
T22485,2010-09-30,7600.0
T22485,2010-12-31,7100.0
T22485,2011-03-31,10700.0
T22485,2011-06-30,10100.0
T22485,2011-09-30,8200.0
T22485,2011-12-31,7500.0
T22485,2012-03-31,11400.0
T22485,2012-06-30,9400.0
T22485,2012-09-30,7400.0
T22485,2012-12-31,6500.0
T22485,2013-03-31,10700.0
T22485,2013-06-30,10400.0
T22485,2013-09-30,8000.0
T22485,2013-12-31,8300.0
T22485,2014-03-31,10600.0
T22485,2014-06-30,10000.0
T22516,2007-12-31,4510.0
T22516,2008-03-31,4290.0
T22516,2008-06-30,4590.0
T22516,2008-09-30,4290.0
T22516,2008-12-31,4440.0
T22516,2009-03-31,4630.0
T22516,2009-06-30,4560.0
T22516,2009-09-30,4450.0
T22516,2009-12-31,4530.0
T22516,2010-03-31,4490.0
T22516,2010-06-30,4400.0
T22516,2010-09-30,4450.0
T22516,2010-12-31,4310.0
T22516,2011-03-31,4260.0
T22516,2011-06-30,4160.0
T22516,2011-09-30,4070.0
T22516,2011-12-31,3900.0
T22516,2012-03-31,3640.0
T22516,2012-06-30,3560.0
T22516,2012-09-30,3540.0
T22516,2012-12-31,3350.0
T22516,2013-03-31,3490.0
T22516,2013-06-30,3180.0
T22516,2013-09-30,3250.0
T22516,2013-12-31,3310.0
T22516,2014-03-31,3440.0
T22516,2014-06-30,3620.0
T22606,2007-12-31,8100.0
T22606,2008-03-31,8300.0
T22606,2008-06-30,8600.0
T22606,2008-09-30,8800.0
T22606,2008-12-31,9400.0
T22606,2009-03-31,9700.0
T22606,2009-06-30,9400.0
T22606,2009-09-30,9200.0
T22606,2009-12-31,9300.0
T22606,2010-03-31,9600.0
T22606,2010-06-30,9900.0
T22606,2010-09-30,9700.0
T22606,2010-12-31,9800.0
T22606,2011-03-31,9900.0
T22606,2011-06-30,10000.0
T22606,2011-09-30,10000.0
T22606,2011-12-31,10000.0
T22606,2012-03-31,10100.0
T22606,2012-06-30,10100.0
T22606,2012-09-30,10000.0
T22606,2012-12-31,10000.0
T22606,2013-03-31,10200.0
T22606,2013-06-30,10300.0
T22606,2013-09-30,10200.0
T22606,2013-12-31,10000.0
T22606,2014-03-31,9900.0
T22606,2014-06-30,9800.0
T23711,2007-12-31,7400.0
T23711,2008-03-31,3800.0
T23711,2008-06-30,3900.0
T23711,2008-09-30,3900.0
T23711,2008-12-31,5600.0
T23711,2009-03-31,3400.0
T23711,2009-06-30,3500.0
T23711,2009-09-30,3800.0
T23711,2009-12-31,4900.0
T23711,2010-03-31,3200.0
T23711,2010-06-30,2900.0
T23711,2010-09-30,2700.0
T23711,2010-12-31,4700.0
T23711,2011-03-31,2500.0
T23711,2011-06-30,2500.0
T23711,2011-09-30,2900.0
T23711,2011-12-31,5100.0
T23711,2012-03-31,2900.0
T23711,2012-06-30,2600.0
T23711,2012-09-30,2700.0
T23711,2012-12-31,4700.0
T23711,2013-03-31,2800.0
T23711,2013-06-30,2800.0
T23711,2013-09-30,2900.0
T23711,2013-12-31,4500.0
T23711,2014-03-31,3000.0
T23711,2014-06-30,2600.0
T23752,2007-12-31,3260.0
T23752,2008-03-31,3300.0
T23752,2008-06-30,3450.0
T23752,2008-09-30,3210.0
T23752,2008-12-31,3260.0
T23752,2009-03-31,2920.0
T23752,2009-06-30,3070.0
T23752,2009-09-30,2940.0
T23752,2009-12-31,3420.0
T23752,2010-03-31,3210.0
T23752,2010-06-30,3480.0
T23752,2010-09-30,3450.0
T23752,2010-12-31,3350.0
T23752,2011-03-31,3540.0
T23752,2011-06-30,3790.0
T23752,2011-09-30,3540.0
T23752,2011-12-31,3480.0
T23752,2012-03-31,3560.0
T23752,2012-06-30,3350.0
T23752,2012-09-30,3320.0
T23752,2012-12-31,3260.0
T23752,2013-03-31,3270.0
T23752,2013-06-30,3630.0
T23752,2013-09-30,3590.0
T23752,2013-12-31,3490.0
T23752,2014-03-31,3500.0
T23752,2014-06-30,3580.0
T23755,2007-12-31,1950.0
T23755,2008-03-31,1680.0
T23755,2008-06-30,1940.0
T23755,2008-09-30,1990.0
T23755,2008-12-31,2150.0
T23755,2009-03-31,2490.0
T23755,2009-06-30,2590.0
T23755,2009-09-30,2400.0
T23755,2009-12-31,3170.0
T23755,2010-03-31,2730.0
T23755,2010-06-30,2770.0
T23755,2010-09-30,2780.0
T23755,2010-12-31,3140.0
T23755,2011-03-31,3020.0
T23755,2011-06-30,3210.0
T23755,2011-09-30,3340.0
T23755,2011-12-31,3680.0
T23755,2012-03-31,3200.0
T23755,2012-06-30,3290.0
T23755,2012-09-30,3140.0
T23755,2012-12-31,3690.0
T23755,2013-03-31,3510.0
T23755,2013-06-30,3890.0
T23755,2013-09-30,3360.0
T23755,2013-12-31,3840.0
T23755,2014-03-31,3560.0
T23755,2014-06-30,3580.0
T23767,2007-12-31,7700.0
T23767,2008-03-31,8800.0
T23767,2008-06-30,7900.0
T23767,2008-09-30,5800.0
T23767,2008-12-31,5900.0
T23767,2009-03-31,6100.0
T23767,2009-06-30,6600.0
T23767,2009-09-30,6100.0
T23767,2009-12-31,6000.0
T23767,2010-03-31,6700.0
T23767,2010-06-30,7000.0
T23767,2010-09-30,7000.0
T23767,2010-12-31,6600.0
T23767,2011-03-31,8300.0
T23767,2011-06-30,7700.0
T23767,2011-09-30,7100.0
T23767,2011-12-31,6600.0
T23767,2012-03-31,7400.0
T23767,2012-06-30,6500.0
T23767,2012-09-30,6100.0
T23767,2012-12-31,6300.0
T23767,2013-03-31,5800.0
T23767,2013-06-30,6400.0
T23767,2013-09-30,6100.0
T23767,2013-12-31,5900.0
T23767,2014-03-31,7000.0
T23767,2014-06-30,6800.0
T23787,2007-12-31,1460.0
T23787,2008-03-31,1430.0
T23787,2008-06-30,1530.0
T23787,2008-09-30,1280.0
T23787,2008-12-31,1370.0
T23787,2009-03-31,1610.0
T23787,2009-06-30,1660.0
T23787,2009-09-30,1740.0
T23787,2009-12-31,1800.0
T23787,2010-03-31,1710.0
T23787,2010-06-30,1620.0
T23787,2010-09-30,1620.0
T23787,2010-12-31,1540.0
T23787,2011-03-31,1630.0
T23787,2011-06-30,1790.0
T23787,2011-09-30,1750.0
T23787,2011-12-31,1700.0
T23787,2012-03-31,1670.0
T23787,2012-06-30,1540.0
T23787,2012-09-30,1580.0
T23787,2012-12-31,1760.0
T23787,2013-03-31,1730.0
T23787,2013-06-30,1820.0
T23787,2013-09-30,1900.0
T23787,2013-12-31,1820.0
T23787,2014-03-31,1920.0
T23787,2014-06-30,1940.0
T23808,2007-12-31,4350.0
T23808,2008-03-31,4100.0
T23808,2008-06-30,3970.0
T23808,2008-09-30,3770.0
T23808,2008-12-31,3500.0
T23808,2009-03-31,3410.0
T23808,2009-06-30,3430.0
T23808,2009-09-30,3320.0
T23808,2009-12-31,3470.0
T23808,2010-03-31,3450.0
T23808,2010-06-30,3500.0
T23808,2010-09-30,3460.0
T23808,2010-12-31,3440.0
T23808,2011-03-31,3460.0
T23808,2011-06-30,3330.0
T23808,2011-09-30,3420.0
T23808,2011-12-31,3450.0
T23808,2012-03-31,3430.0
T23808,2012-06-30,3570.0
T23808,2012-09-30,3490.0
T23808,2012-12-31,3310.0
T23808,2013-03-31,3390.0
T23808,2013-06-30,3420.0
T23808,2013-09-30,3590.0
T23808,2013-12-31,3680.0
T23808,2014-03-31,3820.0
T23808,2014-06-30,3850.0
T23809,2007-12-31,1854.0
T23809,2008-03-31,1760.0
T23809,2008-06-30,1694.0
T23809,2008-09-30,1781.0
T23809,2008-12-31,1779.0
T23809,2009-03-31,1959.0
T23809,2009-06-30,2006.0
T23809,2009-09-30,2096.0
T23809,2009-12-31,2082.0
T23809,2010-03-31,2387.0
T23809,2010-06-30,2268.0
T23809,2010-09-30,2404.0
T23809,2010-12-31,2306.0
T23809,2011-03-31,2277.0
T23809,2011-06-30,2215.0
T23809,2011-09-30,2566.0
T23809,2011-12-31,2465.0
T23809,2012-03-31,2366.0
T23809,2012-06-30,2598.0
T23809,2012-09-30,3241.0
T23809,2012-12-31,2858.0
T23809,2013-03-31,3124.0
T23809,2013-06-30,3310.0
T23809,2013-09-30,3265.0
T23809,2013-12-31,3335.0
T23809,2014-03-31,3766.0
T23809,2014-06-30,3985.0
T23861,2007-12-31,3600.0
T23861,2008-03-31,3300.0
T23861,2008-06-30,4300.0
T23861,2008-09-30,4500.0
T23861,2008-12-31,4000.0
T23861,2009-03-31,3200.0
T23861,2009-06-30,3700.0
T23861,2009-09-30,3700.0
T23861,2009-12-31,3600.0
T23861,2010-03-31,3300.0
T23861,2010-06-30,5300.0
T23861,2010-09-30,5900.0
T23861,2010-12-31,6000.0
T23861,2011-03-31,6200.0
T23861,2011-06-30,5900.0
T23861,2011-09-30,5700.0
T23861,2011-12-31,5300.0
T23861,2012-03-31,4300.0
T23861,2012-06-30,4800.0
T23861,2012-09-30,6500.0
T23861,2012-12-31,8600.0
T23861,2013-03-31,9500.0
T23861,2013-06-30,10000.0
T23861,2013-09-30,12300.0
T23861,2013-12-31,13500.0
T23861,2014-03-31,11000.0
T23861,2014-06-30,12500.0
T23866,2007-12-31,5400.0
T23866,2008-03-31,6700.0
T23866,2008-06-30,6100.0
T23866,2008-09-30,5700.0
T23866,2008-12-31,5100.0
T23866,2009-03-31,4500.0
T23866,2009-06-30,3700.0
T23866,2009-09-30,4200.0
T23866,2009-12-31,5300.0
T23866,2010-03-31,5900.0
T23866,2010-06-30,6000.0
T23866,2010-09-30,6000.0
T23866,2010-12-31,5800.0
T23866,2011-03-31,6200.0
T23866,2011-06-30,5800.0
T23866,2011-09-30,5600.0
T23866,2011-12-31,6000.0
T23866,2012-03-31,5800.0
T23866,2012-06-30,5700.0
T23866,2012-09-30,6700.0
T23866,2012-12-31,7300.0
T23866,2013-03-31,10400.0
T23866,2013-06-30,10900.0
T23866,2013-09-30,10700.0
T23866,2013-12-31,10000.0
T23866,2014-03-31,14300.0
T23866,2014-06-30,11500.0
T23925,2007-12-31,5400.0
T23925,2008-03-31,5310.0
T23925,2008-06-30,5580.0
T23925,2008-09-30,4790.0
T23925,2008-12-31,4580.0
T23925,2009-03-31,4550.0
T23925,2009-06-30,4630.0
T23925,2009-09-30,4270.0
T23925,2009-12-31,4660.0
T23925,2010-03-31,4500.0
T23925,2010-06-30,4880.0
T23925,2010-09-30,4570.0
T23925,2010-12-31,4770.0
T23925,2011-03-31,4900.0
T23925,2011-06-30,5120.0
T23925,2011-09-30,5120.0
T23925,2011-12-31,4860.0
T23925,2012-03-31,4880.0
T23925,2012-06-30,5030.0
T23925,2012-09-30,4740.0
T23925,2012-12-31,4540.0
T23925,2013-03-31,4760.0
T23925,2013-06-30,5070.0
T23925,2013-09-30,5150.0
T23925,2013-12-31,5210.0
T23925,2014-03-31,5230.0
T23925,2014-06-30,5460.0
T23927,2007-12-31,1110.0
T23927,2008-03-31,1560.0
T23927,2008-06-30,1420.0
T23927,2008-09-30,1320.0
T23927,2008-12-31,1360.0
T23927,2009-03-31,1710.0
T23927,2009-06-30,1450.0
T23927,2009-09-30,1370.0
T23927,2009-12-31,1560.0
T23927,2010-03-31,1750.0
T23927,2010-06-30,1330.0
T23927,2010-09-30,1280.0
T23927,2010-12-31,1490.0
T23927,2011-03-31,1580.0
T23927,2011-06-30,1370.0
T23927,2011-09-30,1490.0
T23927,2011-12-31,1580.0
T23927,2012-03-31,1740.0
T23927,2012-06-30,1520.0
T23927,2012-09-30,1280.0
T23927,2012-12-31,1330.0
T23927,2013-03-31,1840.0
T23927,2013-06-30,1550.0
T23927,2013-09-30,1520.0
T23927,2013-12-31,1520.0
T23927,2014-03-31,2160.0
T23927,2014-06-30,1720.0
T23958,2007-12-31,2600.0
T23958,2008-03-31,1900.0
T23958,2008-06-30,2300.0
T23958,2008-09-30,1700.0
T23958,2008-12-31,2500.0
T23958,2009-03-31,1600.0
T23958,2009-06-30,2100.0
T23958,2009-09-30,1600.0
T23958,2009-12-31,2700.0
T23958,2010-03-31,1400.0
T23958,2010-06-30,1900.0
T23958,2010-09-30,2000.0
T23958,2010-12-31,2000.0
T23958,2011-03-31,1400.0
T23958,2011-06-30,1600.0
T23958,2011-09-30,1700.0
T23958,2011-12-31,3200.0
T23958,2012-03-31,1500.0
T23958,2012-06-30,1400.0
T23958,2012-09-30,1500.0
T23958,2012-12-31,2800.0
T23958,2013-03-31,1700.0
T23958,2013-06-30,1600.0
T23958,2013-09-30,1700.0
T23958,2013-12-31,1600.0
T23958,2014-03-31,1200.0
T23958,2014-06-30,1400.0
T23974,2007-12-31,3165.3
T23974,2008-03-31,3146.2
T23974,2008-06-30,3275.6
T23974,2008-09-30,3264.1
T23974,2008-12-31,3360.5
T23974,2009-03-31,3030.1
T23974,2009-06-30,2778.7
T23974,2009-09-30,2778.6
T23974,2009-12-31,2762.8
T23974,2010-03-31,2081.9
T23974,2010-06-30,2293.9
T23974,2010-09-30,2213.6
T23974,2010-12-31,2478.8
T23974,2011-03-31,2233.6
T23974,2011-06-30,2438.2
T23974,2011-09-30,2375.5
T23974,2011-12-31,2498.2
T23974,2012-03-31,2186.8
T23974,2012-06-30,2248.7
T23974,2012-09-30,2381.9
T23974,2012-12-31,2414.4
T23974,2013-03-31,2240.3
T23974,2013-06-30,2334.3
T23974,2013-09-30,2461.8
T23974,2013-12-31,2605.9
T23974,2014-03-31,2511.7
T23974,2014-06-30,2428.4
T23975,2007-12-31,2194.5
T23975,2008-03-31,2187.1
T23975,2008-06-30,2209.9
T23975,2008-09-30,2209.1
T23975,2008-12-31,2289.5
T23975,2009-03-31,2089.2
T23975,2009-06-30,1927.1
T23975,2009-09-30,1976.9
T23975,2009-12-31,1913.4
T23975,2010-03-31,1585.1
T23975,2010-06-30,1713.9
T23975,2010-09-30,1735.0
T23975,2010-12-31,1981.5
T23975,2011-03-31,1853.6
T23975,2011-06-30,1905.2
T23975,2011-09-30,1865.2
T23975,2011-12-31,2029.0
T23975,2012-03-31,1859.1
T23975,2012-06-30,1858.3
T23975,2012-09-30,2002.4
T23975,2012-12-31,2001.9
T23975,2013-03-31,1845.7
T23975,2013-06-30,1870.2
T23975,2013-09-30,1999.6
T23975,2013-12-31,1946.6
T23975,2014-03-31,2051.4
T23975,2014-06-30,2054.8
T4970,2007-12-31,2010.0
T4970,2008-03-31,2070.0
T4970,2008-06-30,2700.0
T4970,2008-09-30,2140.0
T4970,2008-12-31,2260.0
T4970,2009-03-31,2290.0
T4970,2009-06-30,2240.0
T4970,2009-09-30,2160.0
T4970,2009-12-31,2090.0
T4970,2010-03-31,1660.0
T4970,2010-06-30,2200.0
T4970,2010-09-30,2940.0
T4970,2010-12-31,1760.0
T4970,2011-03-31,2250.0
T4970,2011-06-30,2290.0
T4970,2011-09-30,2590.0
T4970,2011-12-31,2230.0
T4970,2012-03-31,2510.0
T4970,2012-06-30,2480.0
T4970,2012-09-30,2550.0
T4970,2012-12-31,2090.0
T4970,2013-03-31,2230.0
T4970,2013-06-30,2700.0
T4970,2013-09-30,3650.0
T4970,2013-12-31,2330.0
T4970,2014-03-31,2320.0
T4970,2014-06-30,2740.0
T4996,2007-12-31,7495.8
T4996,2008-03-31,7175.3
T4996,2008-06-30,7524.1
T4996,2008-09-30,7347.4
T4996,2008-12-31,7190.7
T4996,2009-03-31,6364.3
T4996,2009-06-30,6339.7
T4996,2009-09-30,6444.0
T4996,2009-12-31,6989.8
T4996,2010-03-31,6815.1
T4996,2010-06-30,7264.9
T4996,2010-09-30,7275.0
T4996,2010-12-31,7740.6
T4996,2011-03-31,7971.2
T4996,2011-06-30,7630.7
T4996,2011-09-30,7449.8
T4996,2011-12-31,8008.6
T4996,2012-03-31,7860.4
T4996,2012-06-30,7426.5
T4996,2012-09-30,7603.0
T4996,2012-12-31,7648.4
T4996,2013-03-31,7378.7
T4996,2013-06-30,7771.5
T4996,2013-09-30,7499.3
T4996,2013-12-31,7665.2
T4996,2014-03-31,7500.2
T4996,2014-06-30,7638.8
T5074,2007-12-31,1530.0
T5074,2008-03-31,1350.0
T5074,2008-06-30,1590.0
T5074,2008-09-30,1710.0
T5074,2008-12-31,1440.0
T5074,2009-03-31,1600.0
T5074,2009-06-30,1490.0
T5074,2009-09-30,1580.0
T5074,2009-12-31,1560.0
T5074,2010-03-31,2350.0
T5074,2010-06-30,1860.0
T5074,2010-09-30,2430.0
T5074,2010-12-31,2730.0
T5074,2011-03-31,2220.0
T5074,2011-06-30,3060.0
T5074,2011-09-30,2940.0
T5074,2011-12-31,2670.0
T5074,2012-03-31,2810.0
T5074,2012-06-30,2900.0
T5074,2012-09-30,3780.0
T5074,2012-12-31,2850.0
T5074,2013-03-31,2090.0
T5074,2013-06-30,2650.0
T5074,2013-09-30,2840.0
T5074,2013-12-31,1980.0
T5074,2014-03-31,2130.0
T5074,2014-06-30,2300.0
