series,year,value
T1051,1993-01-01,3927.88
T1051,1994-01-01,3985.44
T1051,1995-01-01,4046.52
T1051,1996-01-01,4081.97
T1051,1997-01-01,4102.0
T1051,1998-01-01,4135.1
T1051,1999-01-01,4154.26
T1051,2000-01-01,4189.3
T1051,2001-01-01,4229.48
T1051,2002-01-01,4270.53
T1051,2003-01-01,4305.18
T1051,2004-01-01,4348.24
T1051,2005-01-01,4397.92
T1051,2006-01-01,4467.28
T1051,2007-01-01,4555.21
T1051,2008-01-01,4617.79
T1051,2009-01-01,4678.65
T10533,1993-01-01,2071.2
T10533,1994-01-01,2121.4
T10533,1995-01-01,2187.1
T10533,1996-01-01,2238.7
T10533,1997-01-01,2291.1
T10533,1998-01-01,2335.1
T10533,1999-01-01,2360.5
T10533,2000-01-01,2396.3
T10533,2001-01-01,2398.7
T10533,2002-01-01,2405.8
T10533,2003-01-01,2408.6
T10533,2004-01-01,2421.3
T10533,2005-01-01,2419.1
T10533,2006-01-01,2445.4
T10533,2007-01-01,2439.6
T10533,2008-01-01,2433.2
T10533,2009-01-01,2439.1
T10534,1993-01-01,1579.4
T10534,1994-01-01,1589.8
T10534,1995-01-01,1587.5
T10534,1996-01-01,1579.4
T10534,1997-01-01,1596.1
T10534,1998-01-01,1609.3
T10534,1999-01-01,1612.9
T10534,2000-01-01,1629.7
T10534,2001-01-01,1625.5
T10534,2002-01-01,1628.6
T10534,2003-01-01,1634.0
T10534,2004-01-01,1640.2
T10534,2005-01-01,1639.8
T10534,2006-01-01,1652.9
T10534,2007-01-01,1663.4
T10534,2008-01-01,1660.3
T10534,2009-01-01,1665.8
T10537,1993-01-01,1555.58
T10537,1994-01-01,1572.37
T10537,1995-01-01,1603.96
T10537,1996-01-01,1605.11
T10537,1997-01-01,1622.18
T10537,1998-01-01,1634.11
T10537,1999-01-01,1644.11
T10537,2000-01-01,1652.76
T10537,2001-01-01,1662.34
T10537,2002-01-01,1667.77
T10537,2003-01-01,1676.61
T10537,2004-01-01,1691.88
T10537,2005-01-01,1721.78
T10537,2006-01-01,1769.7
T10537,2007-01-01,1790.19
T10537,2008-01-01,1818.21
T10537,2009-01-01,1854.82
T10541,1993-01-01,1894.6
T10541,1994-01-01,1884.3
T10541,1995-01-01,1862.1
T10541,1996-01-01,1828.0
T10541,1997-01-01,1790.6
T10541,1998-01-01,1893.3
T10541,1999-01-01,1861.7
T10541,2000-01-01,1836.8
T10541,2001-01-01,1783.4
T10541,2002-01-01,1769.6
T10541,2003-01-01,1739.6
T10541,2004-01-01,1746.5
T10541,2005-01-01,1740.5
T10541,2006-01-01,1707.6
T10541,2007-01-01,1693.5
T10541,2008-01-01,1666.9
T10541,2009-01-01,1650.9
T10543,1993-01-01,2804.8
T10543,1994-01-01,2805.0
T10543,1995-01-01,2783.3
T10543,1996-01-01,2761.0
T10543,1997-01-01,2753.7
T10543,1998-01-01,2716.6
T10543,1999-01-01,2681.7
T10543,2000-01-01,2626.2
T10543,2001-01-01,2565.5
T10543,2002-01-01,2477.2
T10543,2003-01-01,2410.2
T10543,2004-01-01,2362.4
T10543,2005-01-01,2326.8
T10543,2006-01-01,2246.3
T10543,2007-01-01,2190.7
T10543,2008-01-01,2144.9
T10543,2009-01-01,2093.2
T10562,1993-01-01,1584.0
T10562,1994-01-01,1573.2
T10562,1995-01-01,1593.5
T10562,1996-01-01,1591.8
T10562,1997-01-01,1602.4
T10562,1998-01-01,1614.2
T10562,1999-01-01,1637.9
T10562,2000-01-01,1646.8
T10562,2001-01-01,1630.8
T10562,2002-01-01,1625.0
T10562,2003-01-01,1607.7
T10562,2004-01-01,1614.3
T10562,2005-01-01,1611.1
T10562,2006-01-01,1632.9
T10562,2007-01-01,1636.3
T10562,2008-01-01,1651.7
T10562,2009-01-01,1644.3
T10563,1993-01-01,3771.7
T10563,1994-01-01,3812.8
T10563,1995-01-01,3881.2
T10563,1996-01-01,3952.9
T10563,1997-01-01,4049.7
T10563,1998-01-01,4117.5
T10563,1999-01-01,4173.7
T10563,2000-01-01,4214.5
T10563,2001-01-01,4229.1
T10563,2002-01-01,4271.3
T10563,2003-01-01,4275.7
T10563,2004-01-01,4324.5
T10563,2005-01-01,4329.1
T10563,2006-01-01,4405.4
T10563,2007-01-01,4466.0
T10563,2008-01-01,4540.4
T10563,2009-01-01,4576.8
T10565,1993-01-01,1866.6
T10565,1994-01-01,1912.2
T10565,1995-01-01,1964.9
T10565,1996-01-01,2009.7
T10565,1997-01-01,2043.1
T10565,1998-01-01,2083.1
T10565,1999-01-01,2143.0
T10565,2000-01-01,2180.4
T10565,2001-01-01,2199.0
T10565,2002-01-01,2257.4
T10565,2003-01-01,2321.1
T10565,2004-01-01,2325.8
T10565,2005-01-01,2358.8
T10565,2006-01-01,2431.9
T10565,2007-01-01,2503.6
T10565,2008-01-01,2517.4
T10565,2009-01-01,2535.1
T10566,1993-01-01,1427.1
T10566,1994-01-01,1437.9
T10566,1995-01-01,1457.3
T10566,1996-01-01,1473.3
T10566,1997-01-01,1500.5
T10566,1998-01-01,1515.7
T10566,1999-01-01,1525.6
T10566,2000-01-01,1535.2
T10566,2001-01-01,1509.1
T10566,2002-01-01,1531.0
T10566,2003-01-01,1514.7
T10566,2004-01-01,1517.1
T10566,2005-01-01,1520.2
T10566,2006-01-01,1503.9
T10566,2007-01-01,1504.2
T10566,2008-01-01,1507.5
T10566,2009-01-01,1515.7
T10567,1993-01-01,2438.0
T10567,1994-01-01,2462.6
T10567,1995-01-01,2491.7
T10567,1996-01-01,2513.3
T10567,1997-01-01,2516.3
T10567,1998-01-01,2529.1
T10567,1999-01-01,2527.0
T10567,2000-01-01,2548.6
T10567,2001-01-01,2556.4
T10567,2002-01-01,2555.2
T10567,2003-01-01,2531.6
T10567,2004-01-01,2513.2
T10567,2005-01-01,2508.7
T10567,2006-01-01,2518.4
T10567,2007-01-01,2526.3
T10567,2008-01-01,2560.5
T10567,2009-01-01,2564.4
T10575,1993-01-01,4017.9
T10575,1994-01-01,4101.5
T10575,1995-01-01,4208.1
T10575,1996-01-01,4304.3
T10575,1997-01-01,4381.4
T10575,1998-01-01,4477.4
T10575,1999-01-01,4573.3
T10575,2000-01-01,4664.3
T10575,2001-01-01,4717.8
T10575,2002-01-01,4702.0
T10575,2003-01-01,4711.2
T10575,2004-01-01,4723.9
T10575,2005-01-01,4758.6
T10575,2006-01-01,4782.3
T10575,2007-01-01,4786.5
T10575,2008-01-01,4809.7
T10575,2009-01-01,4819.7
T10578,1993-01-01,2221.6
T10578,1994-01-01,2218.0
T10578,1995-01-01,2252.4
T10578,1996-01-01,2325.3
T10578,1997-01-01,2361.5
T10578,1998-01-01,2383.6
T10578,1999-01-01,2353.8
T10578,2000-01-01,2353.2
T10578,2001-01-01,2322.8
T10578,2002-01-01,2338.0
T10578,2003-01-01,2335.7
T10578,2004-01-01,2332.9
T10578,2005-01-01,2341.1
T10578,2006-01-01,2337.9
T10578,2007-01-01,2330.0
T10578,2008-01-01,2343.4
T10578,2009-01-01,2341.2
T10579,1993-01-01,1629.8
T10579,1994-01-01,1629.9
T10579,1995-01-01,1636.4
T10579,1996-01-01,1637.9
T10579,1997-01-01,1636.5
T10579,1998-01-01,1659.0
T10579,1999-01-01,1655.9
T10579,2000-01-01,1653.6
T10579,2001-01-01,1643.9
T10579,2002-01-01,1643.7
T10579,2003-01-01,1639.3
T10579,2004-01-01,1636.5
T10579,2005-01-01,1624.0
T10579,2006-01-01,1613.4
T10579,2007-01-01,1605.2
T10579,2008-01-01,1591.8
T10579,2009-01-01,1581.4
T10580,1993-01-01,1079.37
T10580,1994-01-01,1075.89
T10580,1995-01-01,1075.83
T10580,1996-01-01,1078.85
T10580,1997-01-01,1070.23
T10580,1998-01-01,1065.31
T10580,1999-01-01,1062.31
T10580,2000-01-01,1057.9
T10580,2001-01-01,1053.48
T10580,2002-01-01,1049.37
T10580,2003-01-01,1049.06
T10580,2004-01-01,1040.46
T10580,2005-01-01,1044.32
T10580,2006-01-01,1055.04
T10580,2007-01-01,1057.81
T10580,2008-01-01,1057.68
T10580,2009-01-01,1061.17
T10585,1993-01-01,1609.7
T10585,1994-01-01,1610.2
T10585,1995-01-01,1604.5
T10585,1996-01-01,1601.3
T10585,1997-01-01,1598.6
T10585,1998-01-01,1589.3
T10585,1999-01-01,1575.5
T10585,2000-01-01,1539.0
T10585,2001-01-01,1530.7
T10585,2002-01-01,1534.2
T10585,2003-01-01,1529.9
T10585,2004-01-01,1531.7
T10585,2005-01-01,1517.4
T10585,2006-01-01,1505.5
T10585,2007-01-01,1486.8
T10585,2008-01-01,1484.9
T10585,2009-01-01,1476.3
T10587,1993-01-01,2017.5
T10587,1994-01-01,2047.0
T10587,1995-01-01,2055.5
T10587,1996-01-01,2092.8
T10587,1997-01-01,2092.1
T10587,1998-01-01,2108.2
T10587,1999-01-01,2127.2
T10587,2000-01-01,2136.8
T10587,2001-01-01,2121.5
T10587,2002-01-01,2101.1
T10587,2003-01-01,2091.7
T10587,2004-01-01,2069.9
T10587,2005-01-01,2053.7
T10587,2006-01-01,2102.3
T10587,2007-01-01,2090.6
T10587,2008-01-01,2100.2
T10587,2009-01-01,2108.3
T10588,1993-01-01,1747.65
T10588,1994-01-01,1776.25
T10588,1995-01-01,1808.1
T10588,1996-01-01,1833.2
T10588,1997-01-01,1864.21
T10588,1998-01-01,1887.16
T10588,1999-01-01,1900.49
T10588,2000-01-01,1903.63
T10588,2001-01-01,1907.21
T10588,2002-01-01,1926.94
T10588,2003-01-01,1939.33
T10588,2004-01-01,1955.69
T10588,2005-01-01,1972.96
T10588,2006-01-01,2035.5
T10588,2007-01-01,2051.16
T10588,2008-01-01,2075.22
T10588,2009-01-01,2108.59
T10589,1993-01-01,4514.6
T10589,1994-01-01,4595.6
T10589,1995-01-01,4601.0
T10589,1996-01-01,4652.3
T10589,1997-01-01,4723.4
T10589,1998-01-01,4793.5
T10589,1999-01-01,4828.5
T10589,2000-01-01,4857.4
T10589,2001-01-01,4898.8
T10589,2002-01-01,4927.2
T10589,2003-01-01,4953.9
T10589,2004-01-01,4982.4
T10589,2005-01-01,4996.4
T10589,2006-01-01,5111.4
T10589,2007-01-01,5153.4
T10589,2008-01-01,5208.9
T10589,2009-01-01,5224.5
T10595,1993-01-01,4429.56
T10595,1994-01-01,4466.91
T10595,1995-01-01,4502.81
T10595,1996-01-01,4542.11
T10595,1997-01-01,4588.83
T10595,1998-01-01,4640.63
T10595,1999-01-01,4690.65
T10595,2000-01-01,4743.77
T10595,2001-01-01,4788.89
T10595,2002-01-01,4832.0
T10595,2003-01-01,4857.3
T10595,2004-01-01,4867.56
T10595,2005-01-01,4883.29
T10595,2006-01-01,4891.89
T10595,2007-01-01,4913.95
T10595,2008-01-01,4942.06
T10595,2009-01-01,4972.64
T10599,1993-01-01,1824.9
T10599,1994-01-01,1811.7
T10599,1995-01-01,1804.9
T10599,1996-01-01,1792.0
T10599,1997-01-01,1784.8
T10599,1998-01-01,1760.8
T10599,1999-01-01,1745.6
T10599,2000-01-01,1721.1
T10599,2001-01-01,1757.0
T10599,2002-01-01,1731.1
T10599,2003-01-01,1707.9
T10599,2004-01-01,1678.4
T10599,2005-01-01,1655.8
T10599,2006-01-01,1624.4
T10599,2007-01-01,1615.3
T10599,2008-01-01,1608.0
T10599,2009-01-01,1591.6
T10608,1993-01-01,3058.52
T10608,1994-01-01,3110.08
T10608,1995-01-01,3192.18
T10608,1996-01-01,3281.59
T10608,1997-01-01,3356.4
T10608,1998-01-01,3432.31
T10608,1999-01-01,3505.2
T10608,2000-01-01,3579.29
T10608,2001-01-01,3635.99
T10608,2002-01-01,3681.84
T10608,2003-01-01,3720.59
T10608,2004-01-01,3766.9
T10608,2005-01-01,3811.35
T10608,2006-01-01,3853.58
T10608,2007-01-01,3900.07
T10608,2008-01-01,3932.08
T10608,2009-01-01,3962.44
T10610,1993-01-01,1711.3
T10610,1994-01-01,1741.4
T10610,1995-01-01,1776.0
T10610,1996-01-01,1813.7
T10610,1997-01-01,1841.4
T10610,1998-01-01,1877.8
T10610,1999-01-01,1912.5
T10610,2000-01-01,1946.4
T10610,2001-01-01,1947.6
T10610,2002-01-01,1971.0
T10610,2003-01-01,2002.2
T10610,2004-01-01,2008.6
T10610,2005-01-01,2004.6
T10610,2006-01-01,2023.0
T10610,2007-01-01,2030.6
T10610,2008-01-01,2051.5
T10610,2009-01-01,2055.8
T10613,1993-01-01,2039.6
T10613,1994-01-01,2092.2
T10613,1995-01-01,2144.2
T10613,1996-01-01,2181.5
T10613,1997-01-01,2206.9
T10613,1998-01-01,2241.4
T10613,1999-01-01,2252.0
T10613,2000-01-01,2281.7
T10613,2001-01-01,2277.2
T10613,2002-01-01,2322.3
T10613,2003-01-01,2343.3
T10613,2004-01-01,2351.1
T10613,2005-01-01,2361.8
T10613,2006-01-01,2374.7
T10613,2007-01-01,2396.9
T10613,2008-01-01,2388.8
T10613,2009-01-01,2389.9
T10614,1993-01-01,3366.5
T10614,1994-01-01,3423.9
T10614,1995-01-01,3489.0
T10614,1996-01-01,3583.3
T10614,1997-01-01,3639.3
T10614,1998-01-01,3670.3
T10614,1999-01-01,3712.8
T10614,2000-01-01,3727.0
T10614,2001-01-01,3714.0
T10614,2002-01-01,3720.6
T10614,2003-01-01,3738.1
T10614,2004-01-01,3757.7
T10614,2005-01-01,3811.4
T10614,2006-01-01,3835.4
T10614,2007-01-01,3858.3
T10614,2008-01-01,3899.7
T10614,2009-01-01,3890.6
T10615,1993-01-01,1147.2
T10615,1994-01-01,1149.9
T10615,1995-01-01,1162.9
T10615,1996-01-01,1181.1
T10615,1997-01-01,1181.5
T10615,1998-01-01,1208.7
T10615,1999-01-01,1214.3
T10615,2000-01-01,1211.1
T10615,2001-01-01,1204.0
T10615,2002-01-01,1195.8
T10615,2003-01-01,1191.8
T10615,2004-01-01,1200.5
T10615,2005-01-01,1200.1
T10615,2006-01-01,1191.3
T10615,2007-01-01,1192.6
T10615,2008-01-01,1185.9
T10615,2009-01-01,1172.8
T10617,1993-01-01,1198.3
T10617,1994-01-01,1206.0
T10617,1995-01-01,1208.5
T10617,1996-01-01,1211.4
T10617,1997-01-01,1204.2
T10617,1998-01-01,1196.5
T10617,1999-01-01,1178.2
T10617,2000-01-01,1166.2
T10617,2001-01-01,1141.8
T10617,2002-01-01,1139.8
T10617,2003-01-01,1127.7
T10617,2004-01-01,1129.8
T10617,2005-01-01,1116.0
T10617,2006-01-01,1108.3
T10617,2007-01-01,1112.7
T10617,2008-01-01,1111.6
T10617,2009-01-01,1119.7
T10618,1993-01-01,8624.3
T10618,1994-01-01,8803.7
T10618,1995-01-01,9041.3
T10618,1996-01-01,9194.7
T10618,1997-01-01,9315.1
T10618,1998-01-01,9384.7
T10618,1999-01-01,9479.1
T10618,2000-01-01,9619.0
T10618,2001-01-01,9742.1
T10618,2002-01-01,9894.4
T10618,2003-01-01,9991.1
T10618,2004-01-01,10081.9
T10618,2005-01-01,10211.8
T10618,2006-01-01,10414.5
T10618,2007-01-01,10591.1
T10618,2008-01-01,10756.5
T10618,2009-01-01,10854.7
T10619,1993-01-01,2288.8
T10619,1994-01-01,2289.4
T10619,1995-01-01,2288.3
T10619,1996-01-01,2291.8
T10619,1997-01-01,2299.6
T10619,1998-01-01,2296.9
T10619,1999-01-01,2293.9
T10619,2000-01-01,2294.5
T10619,2001-01-01,2305.3
T10619,2002-01-01,2307.4
T10619,2003-01-01,2313.9
T10619,2004-01-01,2316.6
T10619,2005-01-01,2301.1
T10619,2006-01-01,2305.6
T10619,2007-01-01,2307.0
T10619,2008-01-01,2285.0
T10619,2009-01-01,2269.9
T10625,1993-01-01,2370.2
T10625,1994-01-01,2391.8
T10625,1995-01-01,2450.7
T10625,1996-01-01,2484.3
T10625,1997-01-01,2524.8
T10625,1998-01-01,2546.7
T10625,1999-01-01,2551.2
T10625,2000-01-01,2567.5
T10625,2001-01-01,2651.6
T10625,2002-01-01,2661.6
T10625,2003-01-01,2694.0
T10625,2004-01-01,2713.7
T10625,2005-01-01,2714.7
T10625,2006-01-01,2694.5
T10625,2007-01-01,2717.1
T10625,2008-01-01,2715.7
T10625,2009-01-01,2697.8
T10634,1993-01-01,3173.4
T10634,1994-01-01,3209.1
T10634,1995-01-01,3295.0
T10634,1996-01-01,3353.3
T10634,1997-01-01,3415.9
T10634,1998-01-01,3477.2
T10634,1999-01-01,3515.5
T10634,2000-01-01,3569.7
T10634,2001-01-01,3584.4
T10634,2002-01-01,3632.5
T10634,2003-01-01,3649.1
T10634,2004-01-01,3657.7
T10634,2005-01-01,3691.2
T10634,2006-01-01,3702.4
T10634,2007-01-01,3726.0
T10634,2008-01-01,3743.9
T10634,2009-01-01,3757.2
T10636,1993-01-01,7166.0
T10636,1994-01-01,7280.8
T10636,1995-01-01,7294.1
T10636,1996-01-01,7270.7
T10636,1997-01-01,7136.9
T10636,1998-01-01,6851.3
T10636,1999-01-01,6662.5
T10636,2000-01-01,6600.8
T10636,2001-01-01,6543.5
T10636,2002-01-01,6517.5
T10636,2003-01-01,6495.8
T10636,2004-01-01,6678.1
T10636,2005-01-01,6625.6
T10636,2006-01-01,6685.4
T10636,2007-01-01,6581.1
T10636,2008-01-01,6640.8
T10636,2009-01-01,6596.9
T1064,1993-01-01,1443.72
T1064,1994-01-01,1459.82
T1064,1995-01-01,1481.79
T1064,1996-01-01,1499.37
T1064,1997-01-01,1501.45
T1064,1998-01-01,1508.27
T1064,1999-01-01,1515.41
T1064,2000-01-01,1525.16
T1064,2001-01-01,1531.79
T1064,2002-01-01,1535.59
T1064,2003-01-01,1541.03
T1064,2004-01-01,1554.21
T1064,2005-01-01,1564.13
T1064,2006-01-01,1580.98
T1064,2007-01-01,1595.01
T1064,2008-01-01,1602.58
T1064,2009-01-01,1600.49
T10641,1993-01-01,2040.42
T10641,1994-01-01,2058.36
T10641,1995-01-01,2072.56
T10641,1996-01-01,2093.35
T10641,1997-01-01,2102.61
T10641,1998-01-01,2125.93
T10641,1999-01-01,2132.82
T10641,2000-01-01,2139.28
T10641,2001-01-01,2149.58
T10641,2002-01-01,2170.21
T10641,2003-01-01,2188.38
T10641,2004-01-01,2204.17
T10641,2005-01-01,2222.61
T10641,2006-01-01,2254.45
T10641,2007-01-01,2271.78
T10641,2008-01-01,2296.8
T10641,2009-01-01,2320.87
T10642,1993-01-01,1836.7
T10642,1994-01-01,1838.1
T10642,1995-01-01,1849.1
T10642,1996-01-01,1824.0
T10642,1997-01-01,1820.1
T10642,1998-01-01,1806.1
T10642,1999-01-01,1814.8
T10642,2000-01-01,1827.8
T10642,2001-01-01,1822.6
T10642,2002-01-01,1811.7
T10642,2003-01-01,1807.7
T10642,2004-01-01,1796.1
T10642,2005-01-01,1791.9
T10642,2006-01-01,1781.0
T10642,2007-01-01,1776.6
T10642,2008-01-01,1771.5
T10642,2009-01-01,1774.4
T10661,1993-01-01,1710.55
T10661,1994-01-01,1760.32
T10661,1995-01-01,1805.46
T10661,1996-01-01,1845.84
T10661,1997-01-01,1883.34
T10661,1998-01-01,1908.46
T10661,1999-01-01,1936.97
T10661,2000-01-01,1974.54
T10661,2001-01-01,2008.26
T10661,2002-01-01,2043.98
T10661,2003-01-01,2072.55
T10661,2004-01-01,2102.9
T10661,2005-01-01,2132.1
T10661,2006-01-01,2156.12
T10661,2007-01-01,2203.82
T10661,2008-01-01,2263.41
T10661,2009-01-01,2305.8
T11767,1993-01-01,1121.9
T11767,1994-01-01,1137.0
T11767,1995-01-01,1143.1
T11767,1996-01-01,1157.4
T11767,1997-01-01,1162.4
T11767,1998-01-01,1165.5
T11767,1999-01-01,1175.5
T11767,2000-01-01,1158.5
T11767,2001-01-01,1135.3
T11767,2002-01-01,1124.1
T11767,2003-01-01,1128.7
T11767,2004-01-01,1101.1
T11767,2005-01-01,1095.2
T11767,2006-01-01,1071.0
T11767,2007-01-01,1094.0
T11767,2008-01-01,1087.8
T11767,2009-01-01,1091.3
T11768,1993-01-01,4191.0
T11768,1994-01-01,4266.6
T11768,1995-01-01,4317.4
T11768,1996-01-01,4312.8
T11768,1997-01-01,4320.1
T11768,1998-01-01,4350.9
T11768,1999-01-01,4366.7
T11768,2000-01-01,4353.6
T11768,2001-01-01,4356.7
T11768,2002-01-01,4367.5
T11768,2003-01-01,4394.5
T11768,2004-01-01,4453.9
T11768,2005-01-01,4496.0
T11768,2006-01-01,4546.0
T11768,2007-01-01,4658.6
T11768,2008-01-01,4752.4
T11768,2009-01-01,4832.2
T12026,1993-01-01,2125.5
T12026,1994-01-01,2130.1
T12026,1995-01-01,2142.2
T12026,1996-01-01,2145.0
T12026,1997-01-01,2166.1
T12026,1998-01-01,2186.4
T12026,1999-01-01,2187.8
T12026,2000-01-01,2202.7
T12026,2001-01-01,2203.9
T12026,2002-01-01,2227.2
T12026,2003-01-01,2241.2
T12026,2004-01-01,2252.8
T12026,2005-01-01,2241.6
T12026,2006-01-01,2249.1
T12026,2007-01-01,2240.3
T12026,2008-01-01,2228.7
T12026,2009-01-01,2229.9
T12050,1993-01-01,3788.2
T12050,1994-01-01,3854.1
T12050,1995-01-01,3907.7
T12050,1996-01-01,3980.2
T12050,1997-01-01,4075.1
T12050,1998-01-01,4157.1
T12050,1999-01-01,4237.8
T12050,2000-01-01,4287.2
T12050,2001-01-01,4363.3
T12050,2002-01-01,4453.4
T12050,2003-01-01,4526.5
T12050,2004-01-01,4560.2
T12050,2005-01-01,4596.6
T12050,2006-01-01,4675.4
T12050,2007-01-01,4792.9
T12050,2008-01-01,4909.1
T12050,2009-01-01,4994.2
T16463,1993-01-01,2146.9
T16463,1994-01-01,2168.0
T16463,1995-01-01,2207.2
T16463,1996-01-01,2232.2
T16463,1997-01-01,2270.0
T16463,1998-01-01,2311.1
T16463,1999-01-01,2343.7
T16463,2000-01-01,2373.6
T16463,2001-01-01,2421.2
T16463,2002-01-01,2472.6
T16463,2003-01-01,2546.2
T16463,2004-01-01,2615.8
T16463,2005-01-01,2670.3
T16463,2006-01-01,2697.9
T16463,2007-01-01,2733.2
T16463,2008-01-01,2778.2
T16463,2009-01-01,2784.7
T16478,1993-01-01,1539.6
T16478,1994-01-01,1607.6
T16478,1995-01-01,1710.0
T16478,1996-01-01,1726.7
T16478,1997-01-01,1737.8
T16478,1998-01-01,1758.8
T16478,1999-01-01,1753.2
T16478,2000-01-01,1765.4
T16478,2001-01-01,1761.9
T16478,2002-01-01,1779.4
T16478,2003-01-01,1806.2
T16478,2004-01-01,1823.1
T16478,2005-01-01,1812.2
T16478,2006-01-01,1817.0
T16478,2007-01-01,1834.1
T16478,2008-01-01,1821.1
T16478,2009-01-01,1807.2
T16553,1993-01-01,6309.0
T16553,1994-01-01,6362.2
T16553,1995-01-01,6374.4
T16553,1996-01-01,6425.5
T16553,1997-01-01,6467.2
T16553,1998-01-01,6510.1
T16553,1999-01-01,6479.7
T16553,2000-01-01,6501.7
T16553,2001-01-01,6488.6
T16553,2002-01-01,6495.9
T16553,2003-01-01,6516.2
T16553,2004-01-01,6553.8
T16553,2005-01-01,6609.7
T16553,2006-01-01,6656.9
T16553,2007-01-01,6704.4
T16553,2008-01-01,6762.1
T16553,2009-01-01,6778.0
T4179,1993-01-01,2215.80819227667
T4179,1994-01-01,2215.3004029746
T4179,1995-01-01,2359.46462911069
T4179,1996-01-01,2518.19733576507
T4179,1997-01-01,2538.50820719701
T4179,1998-01-01,1923.57503937866
T4179,1999-01-01,2101.46631985676
T4179,2000-01-01,3577.73157825983
T4179,2001-01-01,3763.88139693803
T4179,2002-01-01,4071.03016278264
T4179,2003-01-01,4653.81717025627
T4179,2004-01-01,5208.27014436737
T4179,2005-01-01,5753.59866030919
T4179,2006-01-01,5862.43637747585
T4179,2007-01-01,6920.94029152629
T4179,2008-01-01,8505.53392061041
T4179,2009-01-01,8155.93331149679
T636,1993-01-01,4631.3
T636,1994-01-01,4859.8
T636,1995-01-01,5038.3
T636,1996-01-01,5170.6
T636,1997-01-01,5292.5
T636,1998-01-01,5427.5
T636,1999-01-01,5544.5
T636,2000-01-01,5662.9
T636,2001-01-01,5722.4
T636,2002-01-01,5824.7
T636,2003-01-01,5984.7
T636,2004-01-01,6138.1
T636,2005-01-01,6385.9
T636,2006-01-01,6693.2
T636,2007-01-01,6787.4
T636,2008-01-01,6885.1
T636,2009-01-01,6914.7
T637,1993-01-01,4411.0
T637,1994-01-01,4458.2
T637,1995-01-01,4539.3
T637,1996-01-01,4550.5
T637,1997-01-01,4570.2
T637,1998-01-01,4597.7
T637,1999-01-01,4603.9
T637,2000-01-01,4678.5
T637,2001-01-01,4649.1
T637,2002-01-01,4650.9
T637,2003-01-01,4672.8
T637,2004-01-01,4745.4
T637,2005-01-01,4849.1
T637,2006-01-01,4886.7
T637,2007-01-01,4901.0
T637,2008-01-01,5096.3
T637,2009-01-01,5083.8
T638,1993-01-01,1723.4
T638,1994-01-01,1756.9
T638,1995-01-01,1781.4
T638,1996-01-01,1809.0
T638,1997-01-01,1812.3
T638,1998-01-01,1830.1
T638,1999-01-01,1860.9
T638,2000-01-01,1873.2
T638,2001-01-01,1880.8
T638,2002-01-01,1860.6
T638,2003-01-01,1862.5
T638,2004-01-01,1886.4
T638,2005-01-01,1880.4
T638,2006-01-01,1897.8
T638,2007-01-01,1896.4
T638,2008-01-01,1895.6
T638,2009-01-01,1890.5
T640,1993-01-01,1732.2
T640,1994-01-01,1745.7
T640,1995-01-01,1808.1
T640,1996-01-01,1885.2
T640,1997-01-01,1885.4
T640,1998-01-01,1912.7
T640,1999-01-01,1946.7
T640,2000-01-01,1920.8
T640,2001-01-01,1924.3
T640,2002-01-01,1921.5
T640,2003-01-01,1964.6
T640,2004-01-01,1960.1
T640,2005-01-01,1989.4
T640,2006-01-01,2004.7
T640,2007-01-01,2093.6
T640,2008-01-01,2137.5
T640,2009-01-01,2139.9
T652,1993-01-01,1746.0
T652,1994-01-01,1727.31
T652,1995-01-01,1728.59
T652,1996-01-01,1750.18
T652,1997-01-01,1766.26
T652,1998-01-01,1770.04
T652,1999-01-01,1786.52
T652,2000-01-01,1799.36
T652,2001-01-01,1813.28
T652,2002-01-01,1830.68
T652,2003-01-01,1853.46
T652,2004-01-01,1863.82
T652,2005-01-01,1878.76
T652,2006-01-01,1905.73
T652,2007-01-01,1929.74
T652,2008-01-01,1934.74
T652,2009-01-01,1953.41
T654,1993-01-01,3484.8
T654,1994-01-01,3493.5
T654,1995-01-01,3356.3
T654,1996-01-01,3350.8
T654,1997-01-01,3338.2
T654,1998-01-01,3334.1
T654,1999-01-01,3316.8
T654,2000-01-01,3279.4
T654,2001-01-01,3274.7
T654,2002-01-01,3277.6
T654,2003-01-01,3299.6
T654,2004-01-01,3284.3
T654,2005-01-01,3294.8
T654,2006-01-01,3300.5
T654,2007-01-01,3311.8
T654,2008-01-01,3281.1
T654,2009-01-01,3280.5
T689,1993-01-01,1390.3
T689,1994-01-01,1372.6
T689,1995-01-01,1372.3
T689,1996-01-01,1375.2
T689,1997-01-01,1367.7
T689,1998-01-01,1376.1
T689,1999-01-01,1370.9
T689,2000-01-01,1365.3
T689,2001-01-01,1350.9
T689,2002-01-01,1333.1
T689,2003-01-01,1340.7
T689,2004-01-01,1331.6
T689,2005-01-01,1327.7
T689,2006-01-01,1311.7
T689,2007-01-01,1288.7
T689,2008-01-01,1271.9
T689,2009-01-01,1264.8
T690,1993-01-01,2322.3
T690,1994-01-01,2355.2
T690,1995-01-01,2396.2
T690,1996-01-01,2424.9
T690,1997-01-01,2445.3
T690,1998-01-01,2482.3
T690,1999-01-01,2521.4
T690,2000-01-01,2531.6
T690,2001-01-01,2560.0
T690,2002-01-01,2597.5
T690,2003-01-01,2616.6
T690,2004-01-01,2647.8
T690,2005-01-01,2662.9
T690,2006-01-01,2655.9
T690,2007-01-01,2654.8
T690,2008-01-01,2663.6
T690,2009-01-01,2672.0
T691,1993-01-01,5148.9
T691,1994-01-01,5132.0
T691,1995-01-01,5127.0
T691,1996-01-01,5079.3
T691,1997-01-01,5063.5
T691,1998-01-01,5055.3
T691,1999-01-01,5034.6
T691,2000-01-01,5014.6
T691,2001-01-01,4993.0
T691,2002-01-01,4970.4
T691,2003-01-01,4960.2
T691,2004-01-01,4946.9
T691,2005-01-01,4940.0
T691,2006-01-01,4936.1
T691,2007-01-01,4918.9
T691,2008-01-01,4912.9
T691,2009-01-01,4895.4
T693,1993-01-01,2016.5
T693,1994-01-01,2026.2
T693,1995-01-01,2019.6
T693,1996-01-01,2019.9
T693,1997-01-01,2015.5
T693,1998-01-01,2022.5
T693,1999-01-01,2021.7
T693,2000-01-01,2029.5
T693,2001-01-01,2025.2
T693,2002-01-01,2011.5
T693,2003-01-01,2010.6
T693,2004-01-01,2008.3
T693,2005-01-01,2003.9
T693,2006-01-01,1998.9
T693,2007-01-01,1990.9
T693,2008-01-01,1980.8
T693,2009-01-01,1972.3
T697,1993-01-01,2009.8
T697,1994-01-01,2003.9
T697,1995-01-01,2024.5
T697,1996-01-01,2034.9
T697,1997-01-01,2051.2
T697,1998-01-01,2050.6
T697,1999-01-01,2057.8
T697,2000-01-01,2076.5
T697,2001-01-01,2105.4
T697,2002-01-01,2104.5
T697,2003-01-01,2107.4
T697,2004-01-01,2108.0
T697,2005-01-01,2110.5
T697,2006-01-01,2116.1
T697,2007-01-01,2123.4
T697,2008-01-01,2129.3
T697,2009-01-01,2125.5
T707,1993-01-01,3778.5
T707,1994-01-01,3759.8
T707,1995-01-01,3745.1
T707,1996-01-01,3714.6
T707,1997-01-01,3698.7
T707,1998-01-01,3681.3
T707,1999-01-01,3650.6
T707,2000-01-01,3621.4
T707,2001-01-01,3575.9
T707,2002-01-01,3517.0
T707,2003-01-01,3467.9
T707,2004-01-01,3451.4
T707,2005-01-01,3423.6
T707,2006-01-01,3428.8
T707,2007-01-01,3440.4
T707,2008-01-01,3429.8
T707,2009-01-01,3420.7
T708,1993-01-01,5174.8
T708,1994-01-01,5224.0
T708,1995-01-01,5289.2
T708,1996-01-01,5314.0
T708,1997-01-01,5316.8
T708,1998-01-01,5318.2
T708,1999-01-01,5348.5
T708,2000-01-01,5365.9
T708,2001-01-01,5388.2
T708,2002-01-01,5401.1
T708,2003-01-01,5378.8
T708,2004-01-01,5384.7
T708,2005-01-01,5393.2
T708,2006-01-01,5395.6
T708,2007-01-01,5414.8
T708,2008-01-01,5417.5
T708,2009-01-01,5446.3
T715,1993-01-01,1537.4
T715,1994-01-01,1575.4
T715,1995-01-01,1609.1
T715,1996-01-01,1637.5
T715,1997-01-01,1676.8
T715,1998-01-01,1724.3
T715,1999-01-01,1765.8
T715,2000-01-01,1778.6
T715,2001-01-01,1783.0
T715,2002-01-01,1802.1
T715,2003-01-01,1814.2
T715,2004-01-01,1831.1
T715,2005-01-01,1842.6
T715,2006-01-01,1868.9
T715,2007-01-01,1887.0
T715,2008-01-01,1907.6
T715,2009-01-01,1897.1
T716,1993-01-01,5119.3
T716,1994-01-01,5092.9
T716,1995-01-01,5084.0
T716,1996-01-01,5068.8
T716,1997-01-01,5049.8
T716,1998-01-01,5032.1
T716,1999-01-01,4981.6
T716,2000-01-01,4962.2
T716,2001-01-01,4950.7
T716,2002-01-01,4940.0
T716,2003-01-01,4948.0
T716,2004-01-01,4916.0
T716,2005-01-01,4891.3
T716,2006-01-01,4872.1
T716,2007-01-01,4850.0
T716,2008-01-01,4851.6
T716,2009-01-01,4855.7
T718,1993-01-01,3716.7
T718,1994-01-01,3730.0
T718,1995-01-01,3720.3
T718,1996-01-01,3726.8
T718,1997-01-01,3724.2
T718,1998-01-01,3712.8
T718,1999-01-01,3692.0
T718,2000-01-01,3685.7
T718,2001-01-01,3691.5
T718,2002-01-01,3680.5
T718,2003-01-01,3697.2
T718,2004-01-01,3694.8
T718,2005-01-01,3697.9
T718,2006-01-01,3736.8
T718,2007-01-01,3759.6
T718,2008-01-01,3787.8
T718,2009-01-01,3793.4
T719,1993-01-01,2662.4
T719,1994-01-01,2655.1
T719,1995-01-01,2640.5
T719,1996-01-01,2615.8
T719,1997-01-01,2596.0
T719,1998-01-01,2561.2
T719,1999-01-01,2539.2
T719,2000-01-01,2519.7
T719,2001-01-01,2476.8
T719,2002-01-01,2474.6
T719,2003-01-01,2467.5
T719,2004-01-01,2440.8
T719,2005-01-01,2416.9
T719,2006-01-01,2404.0
T719,2007-01-01,2394.4
T719,2008-01-01,2374.6
T719,2009-01-01,2368.1
T721,1993-01-01,1551.6
T721,1994-01-01,1571.2
T721,1995-01-01,1586.3
T721,1996-01-01,1590.7
T721,1997-01-01,1590.0
T721,1998-01-01,1624.2
T721,1999-01-01,1632.6
T721,2000-01-01,1640.0
T721,2001-01-01,1656.9
T721,2002-01-01,1658.7
T721,2003-01-01,1663.8
T721,2004-01-01,1674.4
T721,2005-01-01,1689.8
T721,2006-01-01,1699.8
T721,2007-01-01,1706.4
T721,2008-01-01,1705.1
T721,2009-01-01,1708.5
T767,1993-01-01,2568.34
T767,1994-01-01,2622.43
T767,1995-01-01,2671.63
T767,1996-01-01,2728.72
T767,1997-01-01,2801.95
T767,1998-01-01,2870.65
T767,1999-01-01,2937.7
T767,2000-01-01,2989.59
T767,2001-01-01,3022.81
T767,2002-01-01,3063.02
T767,2003-01-01,3093.37
T767,2004-01-01,3121.75
T767,2005-01-01,3147.02
T767,2006-01-01,3174.5
T767,2007-01-01,3202.94
T767,2008-01-01,3225.96
T767,2009-01-01,3258.81
T768,1993-01-01,1356.46
T768,1994-01-01,1370.21
T768,1995-01-01,1385.74
T768,1996-01-01,1395.62
T768,1997-01-01,1404.41
T768,1998-01-01,1415.09
T768,1999-01-01,1427.5
T768,2000-01-01,1447.78
T768,2001-01-01,1462.11
T768,2002-01-01,1480.75
T768,2003-01-01,1497.6
T768,2004-01-01,1505.06
T768,2005-01-01,1508.97
T768,2006-01-01,1513.39
T768,2007-01-01,1516.82
T768,2008-01-01,1514.5
T768,2009-01-01,1510.03
T795,1993-01-01,6377.3
T795,1994-01-01,6401.5
T795,1995-01-01,6414.6
T795,1996-01-01,6414.6
T795,1997-01-01,6421.7
T795,1998-01-01,6394.8
T795,1999-01-01,6424.3
T795,2000-01-01,6466.4
T795,2001-01-01,6477.3
T795,2002-01-01,6452.8
T795,2003-01-01,6425.2
T795,2004-01-01,6429.9
T795,2005-01-01,6385.3
T795,2006-01-01,6361.0
T795,2007-01-01,6348.6
T795,2008-01-01,6342.5
T795,2009-01-01,6296.8
T797,1993-01-01,4347.4
T797,1994-01-01,4352.1
T797,1995-01-01,4370.9
T797,1996-01-01,4395.0
T797,1997-01-01,4376.7
T797,1998-01-01,4352.7
T797,1999-01-01,4358.4
T797,2000-01-01,4340.4
T797,2001-01-01,4299.9
T797,2002-01-01,4286.5
T797,2003-01-01,4272.5
T797,2004-01-01,4251.7
T797,2005-01-01,4234.5
T797,2006-01-01,4214.2
T797,2007-01-01,4191.9
T797,2008-01-01,4161.6
T797,2009-01-01,4151.0
T811,1993-01-01,2269.0
T811,1994-01-01,2263.7
T811,1995-01-01,2269.3
T811,1996-01-01,2265.1
T811,1997-01-01,2267.3
T811,1998-01-01,2257.8
T811,1999-01-01,2257.9
T811,2000-01-01,2257.4
T811,2001-01-01,2263.3
T811,2002-01-01,2314.5
T811,2003-01-01,2288.2
T811,2004-01-01,2284.5
T811,2005-01-01,2278.2
T811,2006-01-01,2271.1
T811,2007-01-01,2276.5
T811,2008-01-01,2283.5
T811,2009-01-01,2285.1
T812,1993-01-01,4380.6
T812,1994-01-01,4459.5
T812,1995-01-01,4569.8
T812,1996-01-01,4671.1
T812,1997-01-01,4761.1
T812,1998-01-01,4855.9
T812,1999-01-01,4876.6
T812,2000-01-01,4942.3
T812,2001-01-01,5119.6
T812,2002-01-01,5172.3
T812,2003-01-01,5288.6
T812,2004-01-01,5441.7
T812,2005-01-01,5543.4
T812,2006-01-01,5669.6
T812,2007-01-01,5783.4
T812,2008-01-01,5919.0
T812,2009-01-01,6035.9
T813,1993-01-01,2556.7
T813,1994-01-01,2607.3
T813,1995-01-01,2601.7
T813,1996-01-01,2598.8
T813,1997-01-01,2598.1
T813,1998-01-01,2575.2
T813,1999-01-01,2562.3
T813,2000-01-01,2549.4
T813,2001-01-01,2512.0
T813,2002-01-01,2488.1
T813,2003-01-01,2467.8
T813,2004-01-01,2440.2
T813,2005-01-01,2402.6
T813,2006-01-01,2396.9
T813,2007-01-01,2359.8
T813,2008-01-01,2348.8
T813,2009-01-01,2336.8
T814,1993-01-01,3296.6
T814,1994-01-01,3314.7
T814,1995-01-01,3331.5
T814,1996-01-01,3394.7
T814,1997-01-01,3475.7
T814,1998-01-01,3505.9
T814,1999-01-01,3491.3
T814,2000-01-01,3490.7
T814,2001-01-01,3491.3
T814,2002-01-01,3550.1
T814,2003-01-01,3598.0
T814,2004-01-01,3691.6
T814,2005-01-01,3821.0
T814,2006-01-01,3951.6
T814,2007-01-01,4073.1
T814,2008-01-01,4134.9
T814,2009-01-01,4144.1
T822,1993-01-01,6024.0
T822,1994-01-01,6037.7
T822,1995-01-01,6088.1
T822,1996-01-01,6120.5
T822,1997-01-01,6117.2
T822,1998-01-01,6141.7
T822,1999-01-01,6185.6
T822,2000-01-01,6230.0
T822,2001-01-01,6280.0
T822,2002-01-01,6303.2
T822,2003-01-01,6328.4
T822,2004-01-01,6250.5
T822,2005-01-01,6314.5
T822,2006-01-01,6313.0
T822,2007-01-01,6287.8
T822,2008-01-01,6319.4
T822,2009-01-01,6315.0
T823,1993-01-01,2731.6
T823,1994-01-01,2754.5
T823,1995-01-01,2789.0
T823,1996-01-01,2812.4
T823,1997-01-01,2847.0
T823,1998-01-01,2863.7
T823,1999-01-01,2876.3
T823,2000-01-01,2884.3
T823,2001-01-01,2891.1
T823,2002-01-01,2908.1
T823,2003-01-01,2918.9
T823,2004-01-01,2910.9
T823,2005-01-01,2888.1
T823,2006-01-01,2888.0
T823,2007-01-01,2875.8
T823,2008-01-01,2867.0
T823,2009-01-01,2856.2
T824,1993-01-01,1310.25
T824,1994-01-01,1338.39
T824,1995-01-01,1368.97
T824,1996-01-01,1400.52
T824,1997-01-01,1429.99
T824,1998-01-01,1455.78
T824,1999-01-01,1491.37
T824,2000-01-01,1518.19
T824,2001-01-01,1545.78
T824,2002-01-01,1578.73
T824,2003-01-01,1608.28
T824,2004-01-01,1636.5
T824,2005-01-01,1656.57
T824,2006-01-01,1681.33
T824,2007-01-01,1698.68
T824,2008-01-01,1716.69
T824,2009-01-01,1732.58
T837,1993-01-01,1948.3
T837,1994-01-01,1978.4
T837,1995-01-01,1993.3
T837,1996-01-01,2018.2
T837,1997-01-01,2042.1
T837,1998-01-01,2074.8
T837,1999-01-01,2090.4
T837,2000-01-01,2101.7
T837,2001-01-01,2102.6
T837,2002-01-01,2114.3
T837,2003-01-01,2126.4
T837,2004-01-01,2134.3
T837,2005-01-01,2156.9
T837,2006-01-01,2182.9
T837,2007-01-01,2190.4
T837,2008-01-01,2186.3
T837,2009-01-01,2193.3
T838,1993-01-01,2975.7
T838,1994-01-01,2995.4
T838,1995-01-01,3032.7
T838,1996-01-01,3040.4
T838,1997-01-01,3050.0
T838,1998-01-01,3048.3
T838,1999-01-01,3025.7
T838,2000-01-01,3008.9
T838,2001-01-01,2986.9
T838,2002-01-01,2984.0
T838,2003-01-01,2995.3
T838,2004-01-01,2994.4
T838,2005-01-01,2973.3
T838,2006-01-01,2967.8
T838,2007-01-01,2853.5
T838,2008-01-01,2935.2
T838,2009-01-01,3036.6
T839,1993-01-01,2658.7
T839,1994-01-01,2672.9
T839,1995-01-01,2685.6
T839,1996-01-01,2684.1
T839,1997-01-01,2694.0
T839,1998-01-01,2696.7
T839,1999-01-01,2697.1
T839,2000-01-01,2726.7
T839,2001-01-01,2703.1
T839,2002-01-01,2705.4
T839,2003-01-01,2699.3
T839,2004-01-01,2681.0
T839,2005-01-01,2688.8
T839,2006-01-01,2697.7
T839,2007-01-01,2707.4
T839,2008-01-01,2714.3
T839,2009-01-01,2713.4
T840,1993-01-01,3479.6
T840,1994-01-01,3523.7
T840,1995-01-01,3587.2
T840,1996-01-01,3641.9
T840,1997-01-01,3699.9
T840,1998-01-01,3756.0
T840,1999-01-01,3821.7
T840,2000-01-01,3838.8
T840,2001-01-01,3841.2
T840,2002-01-01,3844.7
T840,2003-01-01,3866.2
T840,2004-01-01,3882.8
T840,2005-01-01,3903.9
T840,2006-01-01,3934.9
T840,2007-01-01,3971.0
T840,2008-01-01,4001.8
T840,2009-01-01,4002.4
T841,1993-01-01,2422.2
T841,1994-01-01,2487.8
T841,1995-01-01,2553.5
T841,1996-01-01,2585.6
T841,1997-01-01,2630.0
T841,1998-01-01,2682.5
T841,1999-01-01,2743.6
T841,2000-01-01,2783.3
T841,2001-01-01,2777.4
T841,2002-01-01,2800.8
T841,2003-01-01,2857.7
T841,2004-01-01,2903.0
T841,2005-01-01,2991.1
T841,2006-01-01,3091.4
T841,2007-01-01,3189.1
T841,2008-01-01,3245.5
T841,2009-01-01,3308.9
T844,1993-01-01,2498.3
T844,1994-01-01,2514.2
T844,1995-01-01,2515.8
T844,1996-01-01,2512.2
T844,1997-01-01,2526.0
T844,1998-01-01,2505.1
T844,1999-01-01,2490.2
T844,2000-01-01,2490.8
T844,2001-01-01,2453.7
T844,2002-01-01,2423.8
T844,2003-01-01,2415.1
T844,2004-01-01,2423.4
T844,2005-01-01,2417.5
T844,2006-01-01,2416.1
T844,2007-01-01,2407.6
T844,2008-01-01,2412.3
T844,2009-01-01,2422.6
T861,1993-01-01,1133.56
T861,1994-01-01,1145.97
T861,1995-01-01,1161.47
T861,1996-01-01,1173.49
T861,1997-01-01,1187.13
T861,1998-01-01,1202.06
T861,1999-01-01,1224.45
T861,2000-01-01,1239.8
T861,2001-01-01,1250.63
T861,2002-01-01,1265.71
T861,2003-01-01,1273.88
T861,2004-01-01,1280.74
T861,2005-01-01,1275.22
T861,2006-01-01,1268.83
T861,2007-01-01,1270.85
T861,2008-01-01,1270.68
T861,2009-01-01,1279.54
T865,1993-01-01,4450.1
T865,1994-01-01,4574.4
T865,1995-01-01,4735.8
T865,1996-01-01,4893.4
T865,1997-01-01,5070.5
T865,1998-01-01,5214.2
T865,1999-01-01,5351.4
T865,2000-01-01,5482.5
T865,2001-01-01,5596.2
T865,2002-01-01,5697.0
T865,2003-01-01,5792.3
T865,2004-01-01,5891.5
T865,2005-01-01,6007.7
T865,2006-01-01,6198.9
T865,2007-01-01,6370.9
T865,2008-01-01,6547.7
T865,2009-01-01,6661.0
T866,1993-01-01,1366.5
T866,1994-01-01,1429.89
T866,1995-01-01,1506.6
T866,1996-01-01,1578.22
T866,1997-01-01,1642.48
T866,1998-01-01,1714.04
T866,1999-01-01,1774.73
T866,2000-01-01,1835.96
T866,2001-01-01,1896.48
T866,2002-01-01,1960.03
T866,2003-01-01,2026.42
T866,2004-01-01,2104.46
T866,2005-01-01,2195.9
T866,2006-01-01,2310.3
T866,2007-01-01,2413.96
T866,2008-01-01,2496.42
T866,2009-01-01,2557.75
T867,1993-01-01,7305.4
T867,1994-01-01,7537.3
T867,1995-01-01,7736.6
T867,1996-01-01,7976.0
T867,1997-01-01,8205.4
T867,1998-01-01,8461.8
T867,1999-01-01,8730.9
T867,2000-01-01,8923.6
T867,2001-01-01,9102.0
T867,2002-01-01,9301.8
T867,2003-01-01,9487.1
T867,2004-01-01,9702.3
T867,2005-01-01,9977.5
T867,2006-01-01,10344.5
T867,2007-01-01,10652.5
T867,2008-01-01,11024.0
T867,2009-01-01,11211.2
T869,1993-01-01,9622.1
T869,1994-01-01,9794.0
T869,1995-01-01,9974.5
T869,1996-01-01,10136.4
T869,1997-01-01,10280.6
T869,1998-01-01,10464.9
T869,1999-01-01,10640.6
T869,2000-01-01,10758.1
T869,2001-01-01,10881.7
T869,2002-01-01,10934.0
T869,2003-01-01,10925.9
T869,2004-01-01,11000.1
T869,2005-01-01,11077.2
T869,2006-01-01,11216.0
T869,2007-01-01,11269.4
T869,2008-01-01,11300.8
T869,2009-01-01,11362.9
T872,1993-01-01,2700.6
T872,1994-01-01,2800.6
T872,1995-01-01,3010.0
T872,1996-01-01,3070.7
T872,1997-01-01,3145.6
T872,1998-01-01,3175.2
T872,1999-01-01,3220.4
T872,2000-01-01,3224.8
T872,2001-01-01,3181.9
T872,2002-01-01,3199.3
T872,2003-01-01,3288.6
T872,2004-01-01,3266.8
T872,2005-01-01,3248.2
T872,2006-01-01,3241.4
T872,2007-01-01,3246.6
T872,2008-01-01,3243.0
T872,2009-01-01,3258.0
T873,1993-01-01,2080.05
T873,1994-01-01,2122.09
T873,1995-01-01,2157.71
T873,1996-01-01,2202.74
T873,1997-01-01,2253.81
T873,1998-01-01,2312.05
T873,1999-01-01,2376.02
T873,2000-01-01,2431.86
T873,2001-01-01,2483.15
T873,2002-01-01,2552.63
T873,2003-01-01,2612.2
T873,2004-01-01,2678.46
T873,2005-01-01,2739.99
T873,2006-01-01,2838.0
T873,2007-01-01,2929.48
T873,2008-01-01,3010.86
T873,2009-01-01,3090.88
T888,1993-01-01,2701.0
T888,1994-01-01,2756.7
T888,1995-01-01,2890.5
T888,1996-01-01,2954.6
T888,1997-01-01,3020.8
T888,1998-01-01,3076.3
T888,1999-01-01,3148.5
T888,2000-01-01,3238.0
T888,2001-01-01,3361.3
T888,2002-01-01,3462.7
T888,2003-01-01,3519.3
T888,2004-01-01,3601.0
T888,2005-01-01,3613.9
T888,2006-01-01,3623.2
T888,2007-01-01,3658.5
T888,2008-01-01,3746.4
T888,2009-01-01,3761.9
T891,1993-01-01,974.74
T891,1994-01-01,988.57
T891,1995-01-01,1003.42
T891,1996-01-01,1029.93
T891,1997-01-01,1051.22
T891,1998-01-01,1070.2
T891,1999-01-01,1091.73
T891,2000-01-01,1109.71
T891,2001-01-01,1123.62
T891,2002-01-01,1132.74
T891,2003-01-01,1144.4
T891,2004-01-01,1149.63
T891,2005-01-01,1155.88
T891,2006-01-01,1170.68
T891,2007-01-01,1182.65
T891,2008-01-01,1188.25
T891,2009-01-01,1200.79
T894,1993-01-01,2312.75
T894,1994-01-01,2356.17
T894,1995-01-01,2384.23
T894,1996-01-01,2397.4
T894,1997-01-01,2402.78
T894,1998-01-01,2396.02
T894,1999-01-01,2407.76
T894,2000-01-01,2430.96
T894,2001-01-01,2464.42
T894,2002-01-01,2489.62
T894,2003-01-01,2526.54
T894,2004-01-01,2546.19
T894,2005-01-01,2564.11
T894,2006-01-01,2599.72
T894,2007-01-01,2629.78
T894,2008-01-01,2655.03
T894,2009-01-01,2710.23
T895,1993-01-01,2118.78
T895,1994-01-01,2214.28
T895,1995-01-01,2318.16
T895,1996-01-01,2432.21
T895,1997-01-01,2555.57
T895,1998-01-01,2690.43
T895,1999-01-01,2842.71
T895,2000-01-01,2973.05
T895,2001-01-01,3115.48
T895,2002-01-01,3267.12
T895,2003-01-01,3418.22
T895,2004-01-01,3580.06
T895,2005-01-01,3730.07
T895,2006-01-01,3929.81
T895,2007-01-01,4119.61
T895,2008-01-01,4303.85
T895,2009-01-01,4464.0
T896,1993-01-01,1545.2
T896,1994-01-01,1561.3
T896,1995-01-01,1573.8
T896,1996-01-01,1568.0
T896,1997-01-01,1569.3
T896,1998-01-01,1589.6
T896,1999-01-01,1595.6
T896,2000-01-01,1604.1
T896,2001-01-01,1601.4
T896,2002-01-01,1584.0
T896,2003-01-01,1576.6
T896,2004-01-01,1584.7
T896,2005-01-01,1598.2
T896,2006-01-01,1595.2
T896,2007-01-01,1583.2
T896,2008-01-01,1572.8
T896,2009-01-01,1570.5
T952,1993-01-01,5505.3
T952,1994-01-01,5609.7
T952,1995-01-01,5738.3
T952,1996-01-01,5812.8
T952,1997-01-01,5911.8
T952,1998-01-01,6035.0
T952,1999-01-01,6147.6
T952,2000-01-01,6176.2
T952,2001-01-01,6221.6
T952,2002-01-01,6171.0
T952,2003-01-01,6283.3
T952,2004-01-01,6350.0
T952,2005-01-01,6437.5
T952,2006-01-01,6398.7
T952,2007-01-01,6369.4
T952,2008-01-01,6363.9
T952,2009-01-01,6441.6
T971,1993-01-01,5587.4
T971,1994-01-01,5645.0
T971,1995-01-01,5693.0
T971,1996-01-01,5708.9
T971,1997-01-01,5728.6
T971,1998-01-01,5738.6
T971,1999-01-01,5775.9
T971,2000-01-01,5807.9
T971,2001-01-01,5846.3
T971,2002-01-01,5875.7
T971,2003-01-01,5874.6
T971,2004-01-01,5876.9
T971,2005-01-01,5895.6
T971,2006-01-01,5891.4
T971,2007-01-01,5872.8
T971,2008-01-01,5867.7
T971,2009-01-01,5869.1
T973,1993-01-01,2256.5
T973,1994-01-01,2286.0
T973,1995-01-01,2424.5
T973,1996-01-01,2431.9
T973,1997-01-01,2409.1
T973,1998-01-01,2441.6
T973,1999-01-01,2446.6
T973,2000-01-01,2465.9
T973,2001-01-01,2450.3
T973,2002-01-01,2471.9
T973,2003-01-01,2492.6
T973,2004-01-01,2509.1
T973,2005-01-01,2526.4
T973,2006-01-01,2549.3
T973,2007-01-01,2578.7
T973,2008-01-01,2637.3
T973,2009-01-01,2639.2
T975,1993-01-01,1512.2
T975,1994-01-01,1558.9
T975,1995-01-01,1595.3
T975,1996-01-01,1630.7
T975,1997-01-01,1649.1
T975,1998-01-01,1677.3
T975,1999-01-01,1667.5
T975,2000-01-01,1694.3
T975,2001-01-01,1723.8
T975,2002-01-01,1757.2
T975,2003-01-01,1799.0
T975,2004-01-01,1845.8
T975,2005-01-01,1918.9
T975,2006-01-01,1996.7
T975,2007-01-01,2062.2
T975,2008-01-01,2100.1
T975,2009-01-01,2128.4
T976,1993-01-01,7642.1
T976,1994-01-01,7789.5
T976,1995-01-01,7888.1
T976,1996-01-01,7964.1
T976,1997-01-01,8001.9
T976,1998-01-01,8204.8
T976,1999-01-01,8317.5
T976,2000-01-01,8375.2
T976,2001-01-01,8490.8
T976,2002-01-01,8513.6
T976,2003-01-01,8579.8
T976,2004-01-01,8605.0
T976,2005-01-01,8713.4
T976,2006-01-01,8817.2
T976,2007-01-01,8939.3
T976,2008-01-01,9027.3
T976,2009-01-01,9102.5
T978,1993-01-01,8134.3
T978,1994-01-01,8229.3
T978,1995-01-01,8284.1
T978,1996-01-01,8356.1
T978,1997-01-01,8405.2
T978,1998-01-01,8468.7
T978,1999-01-01,8524.0
T978,2000-01-01,8573.9
T978,2001-01-01,8581.8
T978,2002-01-01,8629.7
T978,2003-01-01,8693.1
T978,2004-01-01,8760.1
T978,2005-01-01,8849.3
T978,2006-01-01,8955.4
T978,2007-01-01,9008.3
T978,2008-01-01,9053.3
T978,2009-01-01,9091.9
T981,1993-01-01,4197.18
T981,1994-01-01,4212.57
T981,1995-01-01,4218.93
T981,1996-01-01,4210.44
T981,1997-01-01,4219.38
T981,1998-01-01,4203.51
T981,1999-01-01,4223.69
T981,2000-01-01,4268.24
T981,2001-01-01,4275.07
T981,2002-01-01,4285.28
T981,2003-01-01,4290.79
T981,2004-01-01,4340.8
T981,2005-01-01,4319.34
T981,2006-01-01,4322.26
T981,2007-01-01,4287.17
T981,2008-01-01,4269.17
T981,2009-01-01,4279.83
T987,1993-01-01,6439.6
T987,1994-01-01,6580.0
T987,1995-01-01,6711.7
T987,1996-01-01,6866.7
T987,1997-01-01,7006.1
T987,1998-01-01,7228.5
T987,1999-01-01,7436.6
T987,2000-01-01,7639.6
T987,2001-01-01,7854.3
T987,2002-01-01,8107.7
T987,2003-01-01,8481.0
T987,2004-01-01,8860.3
T987,2005-01-01,9251.5
T987,2006-01-01,9680.7
T987,2007-01-01,9977.7
T987,2008-01-01,10242.0
T987,2009-01-01,10372.8
T988,1993-01-01,1799.5
T988,1994-01-01,1830.7
T988,1995-01-01,1860.8
T988,1996-01-01,1898.1
T988,1997-01-01,1931.0
T988,1998-01-01,1958.9
T988,1999-01-01,1989.6
T988,2000-01-01,2026.9
T988,2001-01-01,2053.9
T988,2002-01-01,2078.7
T988,2003-01-01,2107.5
T988,2004-01-01,2127.9
T988,2005-01-01,2173.5
T988,2006-01-01,2225.1
T988,2007-01-01,2260.2
T988,2008-01-01,2265.7
T988,2009-01-01,2269.0
