Country Name,Year,GDP per Capita Growth
Algeria,1990-01-01,-1.68292794980542
Algeria,1991-01-01,-3.52816786244772
Algeria,1992-01-01,-0.538303712526769
Algeria,1993-01-01,-4.26893546208915
Algeria,1994-01-01,-2.96691420674064
Algeria,1995-01-01,1.82803697685721
Algeria,1996-01-01,2.28047201241705
Algeria,1997-01-01,-0.585445318575395
Algeria,1998-01-01,3.52432195672942
Algeria,1999-01-01,1.76686671865156
Algeria,2000-01-01,2.35458027083072
Algeria,2001-01-01,1.5924966142403
Algeria,2002-01-01,4.18516010017163
Algeria,2003-01-01,5.75804170624698
Algeria,2004-01-01,2.84249363853606
Algeria,2005-01-01,4.46524506291138
Algeria,2006-01-01,0.244873743065256
Algeria,2007-01-01,1.73036932785892
Algeria,2008-01-01,0.664881575080244
Algeria,2009-01-01,-0.208351662841849
Algeria,2010-01-01,1.69217010043643
Algeria,2011-01-01,0.964977573876638
Algeria,2012-01-01,1.41022666531447
Argentina,1990-01-01,-3.87738988305726
Argentina,1991-01-01,7.58999966385119
Argentina,1992-01-01,6.45007313090611
Argentina,1993-01-01,6.74749737225402
Argentina,1994-01-01,4.42012078486435
Argentina,1995-01-01,-4.11688080061714
Argentina,1996-01-01,4.20496731858427
Argentina,1997-01-01,6.82332109239341
Argentina,1998-01-01,2.65434759734458
Argentina,1999-01-01,-4.49211212893599
Argentina,2000-01-01,-1.90698749835167
Argentina,2001-01-01,-5.45379697848054
Argentina,2002-01-01,-11.8459503938227
Argentina,2003-01-01,7.71922963663721
Argentina,2004-01-01,7.92815705080419
Argentina,2005-01-01,7.73249699851691
Argentina,2006-01-01,6.93498173764449
Argentina,2007-01-01,7.91621057164458
Argentina,2008-01-01,3.02978540664043
Argentina,2009-01-01,-6.86795522506981
Argentina,2010-01-01,9.84429639847724
Argentina,2011-01-01,4.78868313859435
Argentina,2012-01-01,-2.14528444981812
Australia,1990-01-01,2.05739235459797
Australia,1991-01-01,-1.64357108847297
Australia,1992-01-01,-0.690436666464393
Australia,1993-01-01,3.12373821007526
Australia,1994-01-01,2.98309228927927
Australia,1995-01-01,2.73260144954565
Australia,1996-01-01,2.61079781380573
Australia,1997-01-01,2.79486849131419
Australia,1998-01-01,3.62521847644352
Australia,1999-01-01,3.88493232980949
Australia,2000-01-01,2.73894429537623
Australia,2001-01-01,0.723531156716689
Australia,2002-01-01,2.80352716038983
Australia,2003-01-01,1.91173867643482
Australia,2004-01-01,3.11589344319816
Australia,2005-01-01,1.90606523763795
Australia,2006-01-01,1.37798003366018
Australia,2007-01-01,1.89670839165348
Australia,2008-01-01,1.53111186781014
Australia,2009-01-01,-0.185773152884209
Australia,2010-01-01,0.648500068252503
Australia,2011-01-01,0.995812001601593
Australia,2012-01-01,2.11992606815087
Austria,1990-01-01,3.55354764697123
Austria,1991-01-01,2.41398645387723
Austria,1992-01-01,0.97609224004664
Austria,1993-01-01,-0.298754361000036
Austria,1994-01-01,2.0087619437808
Austria,1995-01-01,2.51091269369834
Austria,1996-01-01,2.21143493269341
Austria,1997-01-01,1.97797590805702
Austria,1998-01-01,3.46782994124915
Austria,1999-01-01,3.35504466142362
Austria,2000-01-01,3.12743665014771
Austria,2001-01-01,0.88025909788611
Austria,2002-01-01,1.15267633135774
Austria,2003-01-01,0.450946527234535
Austria,2004-01-01,2.09971116889712
Austria,2005-01-01,1.54987731693588
Austria,2006-01-01,2.94341785870446
Austria,2007-01-01,3.39173082681461
Austria,2008-01-01,1.14330711888604
Austria,2009-01-01,-4.01634004211772
Austria,2010-01-01,1.59257712849987
Austria,2011-01-01,2.57644831811446
Austria,2012-01-01,0.222450576943075
"Bahamas, The",1990-01-01,-3.481588741184
"Bahamas, The",1991-01-01,-6.04880636666493
"Bahamas, The",1992-01-01,-5.84305092247351
"Bahamas, The",1993-01-01,-1.84723577789994
"Bahamas, The",1994-01-01,1.10240656250218
"Bahamas, The",1995-01-01,2.4424309539597
"Bahamas, The",1996-01-01,2.3850334799148
"Bahamas, The",1997-01-01,-0.422739559107328
"Bahamas, The",1998-01-01,2.98135728378566
"Bahamas, The",1999-01-01,5.51355124390483
"Bahamas, The",2000-01-01,2.62887921278872
"Bahamas, The",2001-01-01,1.19010623512317
"Bahamas, The",2002-01-01,1.35934487810221
"Bahamas, The",2003-01-01,-2.57403379614959
"Bahamas, The",2004-01-01,-0.46992270582264
"Bahamas, The",2005-01-01,1.99439665424433
"Bahamas, The",2006-01-01,1.10382925244896
"Bahamas, The",2007-01-01,0.0273645789414587
"Bahamas, The",2008-01-01,-3.70454364242701
"Bahamas, The",2009-01-01,-5.54540308090397
"Bahamas, The",2010-01-01,0.120061239404691
"Bahamas, The",2011-01-01,-0.632148519837628
"Bahamas, The",2012-01-01,1.9771618593781
Bangladesh,1990-01-01,3.40036959603947
Bangladesh,1991-01-01,1.50047071903816
Bangladesh,1992-01-01,3.51972854810003
Bangladesh,1993-01-01,2.72970613487071
Bangladesh,1994-01-01,1.91670729966893
Bangladesh,1995-01-01,3.17718550322856
Bangladesh,1996-01-01,2.70624981674052
Bangladesh,1997-01-01,2.63848715149697
Bangladesh,1998-01-01,3.22214985884857
Bangladesh,1999-01-01,2.68471710478295
Bangladesh,2000-01-01,3.30590093463195
Bangladesh,2001-01-01,3.10043669181933
Bangladesh,2002-01-01,1.9216894198362
Bangladesh,2003-01-01,2.92613454296232
Bangladesh,2004-01-01,3.50574323998593
Bangladesh,2005-01-01,4.93096820280539
Bangladesh,2006-01-01,5.38833072100596
Bangladesh,2007-01-01,5.93918151201265
Bangladesh,2008-01-01,5.07673024638913
Bangladesh,2009-01-01,4.12468581228904
Bangladesh,2010-01-01,4.37348466383585
Bangladesh,2011-01-01,5.17452087670409
Bangladesh,2012-01-01,5.20499111861467
Belgium,1990-01-01,2.83026797508926
Belgium,1991-01-01,1.45537172593085
Belgium,1992-01-01,1.11956586015553
Belgium,1993-01-01,-1.34799970972101
Belgium,1994-01-01,2.90931876907965
Belgium,1995-01-01,2.17055027384056
Belgium,1996-01-01,1.12366901833482
Belgium,1997-01-01,3.54278906412047
Belgium,1998-01-01,1.7443238954726
Belgium,1999-01-01,3.30570651382183
Belgium,2000-01-01,3.46545257130404
Belgium,2001-01-01,0.752482909593709
Belgium,2002-01-01,1.25198460635012
Belgium,2003-01-01,0.615879780344869
Belgium,2004-01-01,3.12392891839559
Belgium,2005-01-01,1.76045559407572
Belgium,2006-01-01,1.87818319997308
Belgium,2007-01-01,2.91833834881372
Belgium,2008-01-01,-0.343452718095421
Belgium,2009-01-01,-2.80592074025158
Belgium,2010-01-01,1.928764195703
Belgium,2011-01-01,0.38003456979618
Belgium,2012-01-01,0.11640257847661
Belize,1990-01-01,7.13993144232515
Belize,1991-01-01,9.45695034459189
Belize,1992-01-01,10.4631194861709
Belize,1993-01-01,4.01815647247656
Belize,1994-01-01,-2.15598031507835
Belize,1995-01-01,-1.81201795636763
Belize,1996-01-01,-1.92245644187381
Belize,1997-01-01,0.741037915888086
Belize,1998-01-01,0.294527001396048
Belize,1999-01-01,5.74367065715182
Belize,2000-01-01,8.6582482335148
Belize,2001-01-01,1.73753558748022
Belize,2002-01-01,2.15171000583069
Belize,2003-01-01,6.33744208286564
Belize,2004-01-01,1.65027562537297
Belize,2005-01-01,-0.787504099918522
Belize,2006-01-01,1.48755171647177
Belize,2007-01-01,0.361898550413997
Belize,2008-01-01,-4.27593252652724
Belize,2009-01-01,-3.14403160040699
Belize,2010-01-01,-1.25406776844827
Belize,2011-01-01,-2.54673530261059
Belize,2012-01-01,1.34853582620697
Benin,1990-01-01,5.71244559420417
Benin,1991-01-01,1.08257117669032
Benin,1992-01-01,-0.149859619960992
Benin,1993-01-01,1.22888348788844
Benin,1994-01-01,-1.72072452945365
Benin,1995-01-01,3.88594239135263
Benin,1996-01-01,1.67829882726042
Benin,1997-01-01,2.70244771564252
Benin,1998-01-01,0.848000050090732
Benin,1999-01-01,2.16959373306796
Benin,2000-01-01,2.68964737900177
Benin,2001-01-01,2.20736492388005
Benin,2002-01-01,1.54895924760953
Benin,2003-01-01,0.37202480236229
Benin,2004-01-01,1.31651203758068
Benin,2005-01-01,-1.46781382104416
Benin,2006-01-01,0.811410156798331
Benin,2007-01-01,2.98205331853927
Benin,2008-01-01,1.84962506949418
Benin,2009-01-01,-0.648436891010405
Benin,2010-01-01,-0.839355823905237
Benin,2011-01-01,-0.007428191688561
Benin,2012-01-01,1.80006449253156
Bermuda,1990-01-01,-0.798461538372536
Bermuda,1991-01-01,-3.03588133852587
Bermuda,1992-01-01,0.666851964311704
Bermuda,1993-01-01,2.4577659243951
Bermuda,1994-01-01,-0.0956975146286823
Bermuda,1995-01-01,3.65476314621027
Bermuda,1996-01-01,1.94694747925466
Bermuda,1997-01-01,3.96372465852386
Bermuda,1998-01-01,3.13962728616335
Bermuda,1999-01-01,2.80572174794659
Bermuda,2000-01-01,8.34832420616188
Bermuda,2001-01-01,6.07136913784475
Bermuda,2002-01-01,-2.11673168104547
Bermuda,2003-01-01,2.73627127446632
Bermuda,2004-01-01,1.65507133528592
Bermuda,2005-01-01,1.01807989701432
Bermuda,2006-01-01,4.94027251942389
Bermuda,2007-01-01,2.76381533456662
Bermuda,2008-01-01,-2.44478025615982
Bermuda,2009-01-01,-6.14862940548659
Bermuda,2010-01-01,-1.73636323640892
Bermuda,2011-01-01,-2.90785082905049
Bermuda,2012-01-01,-5.64726274774529
Bolivia,1990-01-01,2.46741157451369
Bolivia,1991-01-01,3.10599496109178
Bolivia,1992-01-01,-0.408970621117135
Bolivia,1993-01-01,2.19524003830136
Bolivia,1994-01-01,2.63706307911326
Bolivia,1995-01-01,2.7059284638292
Bolivia,1996-01-01,2.42944609268628
Bolivia,1997-01-01,3.04214191428886
Bolivia,1998-01-01,3.1369975478891
Bolivia,1999-01-01,-1.38342923337323
Bolivia,2000-01-01,0.675361125043224
Bolivia,2001-01-01,-0.0999868428788346
Bolivia,2002-01-01,0.706590425667144
Bolivia,2003-01-01,0.933272881013124
Bolivia,2004-01-01,2.37720837843311
Bolivia,2005-01-01,2.62741194852624
Bolivia,2006-01-01,2.98196771466748
Bolivia,2007-01-01,2.75018668026333
Bolivia,2008-01-01,4.32817113629997
Bolivia,2009-01-01,1.60145645539657
Bolivia,2010-01-01,2.37533557597251
Bolivia,2011-01-01,3.45367377326657
Bolivia,2012-01-01,3.39719643988016
Botswana,1990-01-01,3.6047556044134
Botswana,1991-01-01,4.41455535587501
Botswana,1992-01-01,0.0113750155759504
Botswana,1993-01-01,-0.981011810425144
Botswana,1994-01-01,0.78266012026296
Botswana,1995-01-01,4.25070395341859
Botswana,1996-01-01,3.25223001746195
Botswana,1997-01-01,5.83841856320078
Botswana,1998-01-01,-1.76122084825472
Botswana,1999-01-01,7.34242678307263
Botswana,2000-01-01,-0.104457890944872
Botswana,2001-01-01,-1.73773222971184
Botswana,2002-01-01,4.10782981578046
Botswana,2003-01-01,2.8085206399368
Botswana,2004-01-01,0.925705688278057
Botswana,2005-01-01,2.69387823705134
Botswana,2006-01-01,6.34700490671101
Botswana,2007-01-01,3.73406780956059
Botswana,2008-01-01,1.17691883239625
Botswana,2009-01-01,-15.8905576875302
Botswana,2010-01-01,7.87587113231369
Botswana,2011-01-01,4.71716586305368
Botswana,2012-01-01,-2.07017412610281
Brazil,1990-01-01,-6.06555566873385
Brazil,1991-01-01,-0.700696275905813
Brazil,1992-01-01,-2.17997980598244
Brazil,1993-01-01,3.24256327215463
Brazil,1994-01-01,4.1829558149573
Brazil,1995-01-01,2.60809000580113
Brazil,1996-01-01,0.656502162853471
Brazil,1997-01-01,1.85534302488402
Brazil,1998-01-01,-1.12444242574024
Brazil,1999-01-01,-0.948845922551726
Brazil,2000-01-01,2.97091078107165
Brazil,2001-01-01,0.0596489436684067
Brazil,2002-01-01,1.76024277856577
Brazil,2003-01-01,-0.0512856664974208
Brazil,2004-01-01,4.56178195748839
Brazil,2005-01-01,2.05557150146443
Brazil,2006-01-01,2.84796200765309
Brazil,2007-01-01,4.98082992000504
Brazil,2008-01-01,4.06172216621563
Brazil,2009-01-01,-1.07323833266479
Brazil,2010-01-01,6.52281617922927
Brazil,2011-01-01,3.01339627261974
Brazil,2012-01-01,1.00765403282705
Burkina Faso,1990-01-01,-3.17322794415276
Burkina Faso,1991-01-01,6.34816829414709
Burkina Faso,1992-01-01,-2.20551414476699
Burkina Faso,1993-01-01,0.92197404161665
Burkina Faso,1994-01-01,-1.20682002487743
Burkina Faso,1995-01-01,3.04104049517302
Burkina Faso,1996-01-01,8.21411497928881
Burkina Faso,1997-01-01,3.62272638630733
Burkina Faso,1998-01-01,4.3981361846896
Burkina Faso,1999-01-01,4.29923200691815
Burkina Faso,2000-01-01,-1.10685082808791
Burkina Faso,2001-01-01,3.42037281461964
Burkina Faso,2002-01-01,1.1931569551423
Burkina Faso,2003-01-01,4.50716331077845
Burkina Faso,2004-01-01,1.25080372415214
Burkina Faso,2005-01-01,5.29343297349088
Burkina Faso,2006-01-01,2.98669213366389
Burkina Faso,2007-01-01,1.00130262746538
Burkina Faso,2008-01-01,2.7310856339255
Burkina Faso,2009-01-01,-0.012474271014014
Burkina Faso,2010-01-01,5.30514455524253
Burkina Faso,2011-01-01,3.50270659412131
Burkina Faso,2012-01-01,3.273591495689
Burundi,1990-01-01,1.42189606962945
Burundi,1991-01-01,2.91306841519621
Burundi,1992-01-01,-1.59756173450253
Burundi,1993-01-01,-3.06924845604414
Burundi,1994-01-01,-4.36690133962301
Burundi,1995-01-01,-13.2959272875708
Burundi,1996-01-01,-7.96469239270505
Burundi,1997-01-01,-1.47961011099991
Burundi,1998-01-01,2.81517602503756
Burundi,1999-01-01,-3.32995048345924
Burundi,2000-01-01,-2.86056587976486
Burundi,2001-01-01,-0.439187876685963
Burundi,2002-01-01,1.56853463106961
Burundi,2003-01-01,-4.27458819750004
Burundi,2004-01-01,1.01088204580134
Burundi,2005-01-01,-2.76488049377727
Burundi,2006-01-01,1.70671383891919
Burundi,2007-01-01,-0.277700517173798
Burundi,2008-01-01,0.637154645550055
Burundi,2009-01-01,-1.32769460696001
Burundi,2010-01-01,0.318221817835934
Burundi,2011-01-01,0.411511959732195
Burundi,2012-01-01,0.824080965967312
Cameroon,1990-01-01,-8.90923918259573
Cameroon,1991-01-01,-6.64425525033326
Cameroon,1992-01-01,-5.90335596051496
Cameroon,1993-01-01,-10.5729314037701
Cameroon,1994-01-01,-0.994143234870094
Cameroon,1995-01-01,0.0685852661657975
Cameroon,1996-01-01,1.42319588977244
Cameroon,1997-01-01,1.78421406525811
Cameroon,1998-01-01,1.99361062354124
Cameroon,1999-01-01,1.77836307995483
Cameroon,2000-01-01,1.13112675064183
Cameroon,2001-01-01,1.61967885394192
Cameroon,2002-01-01,1.71456911156159
Cameroon,2003-01-01,2.61413205031191
Cameroon,2004-01-01,4.15072943765342
Cameroon,2005-01-01,-0.527954203572861
Cameroon,2006-01-01,1.02499358925834
Cameroon,2007-01-01,1.4665444946196
Cameroon,2008-01-01,-0.0290814506774097
Cameroon,2009-01-01,-0.299622048768526
Cameroon,2010-01-01,0.0065827892668011
Cameroon,2011-01-01,0.493346678618309
Cameroon,2012-01-01,1.72184165315457
Central African Republic,1990-01-01,-5.11220033298814
Central African Republic,1991-01-01,-3.60080337182883
Central African Republic,1992-01-01,-9.35406628817103
Central African Republic,1993-01-01,-2.82888755720866
Central African Republic,1994-01-01,1.65216965450863
Central African Republic,1995-01-01,4.29285447954857
Central African Republic,1996-01-01,-6.4792849902166
Central African Republic,1997-01-01,2.41045924123175
Central African Republic,1998-01-01,1.85541267697853
Central African Republic,1999-01-01,0.757392208499624
Central African Republic,2000-01-01,-5.18220026360443
Central African Republic,2001-01-01,2.13885527335542
Central African Republic,2002-01-01,1.35277536204286
Central African Republic,2003-01-01,-7.65734591441719
Central African Republic,2004-01-01,3.72059104688861
Central African Republic,2005-01-01,-1.3381825936235
Central African Republic,2006-01-01,2.68466734365158
Central African Republic,2007-01-01,2.66586506065356
Central African Republic,2008-01-01,-0.039937079778781
Central African Republic,2009-01-01,6.27239396663248
Central African Republic,2010-01-01,2.4859848510043
Central African Republic,2011-01-01,2.61023480271317
Central African Republic,2012-01-01,4.14515839433653
Chad,1990-01-01,-6.75116852538437
Chad,1991-01-01,4.6668215481418
Chad,1992-01-01,3.53777679068629
Chad,1993-01-01,-17.6098650133063
Chad,1994-01-01,7.71935465313965
Chad,1995-01-01,-3.11129058685623
Chad,1996-01-01,-2.20662111409735
Chad,1997-01-01,2.10012542124976
Chad,1998-01-01,3.36890110430549
Chad,1999-01-01,-4.07692600748058
Chad,2000-01-01,-4.20701536982699
Chad,2001-01-01,8.0010539267867
Chad,2002-01-01,4.81404163677151
Chad,2003-01-01,10.2557711761468
Chad,2004-01-01,27.8310946494087
Chad,2005-01-01,12.7411606362719
Chad,2006-01-01,-2.85311905014409
Chad,2007-01-01,-0.16792346689482
Chad,2008-01-01,-0.437900442497067
Chad,2009-01-01,0.614501315990211
Chad,2010-01-01,9.74497303673172
Chad,2011-01-01,-3.35407468511102
Chad,2012-01-01,5.15061214529531
Chile,1990-01-01,1.6743185217414
Chile,1991-01-01,6.06294117568433
Chile,1992-01-01,9.38936928277417
Chile,1993-01-01,4.94340387294886
Chile,1994-01-01,3.46119071906128
Chile,1995-01-01,7.37583824755272
Chile,1996-01-01,5.35100761055504
Chile,1997-01-01,5.98632652850519
Chile,1998-01-01,2.87866913621421
Chile,1999-01-01,-1.45425561613365
Chile,2000-01-01,3.77235697746502
Chile,2001-01-01,2.00993651227603
Chile,2002-01-01,2.08611070911063
Chile,2003-01-01,3.63156646701455
Chile,2004-01-01,5.61634007452696
Chile,2005-01-01,4.80751806301836
Chile,2006-01-01,5.01599112354818
Chile,2007-01-01,4.14200232075726
Chile,2008-01-01,2.75580095959636
Chile,2009-01-01,-2.1283005713077
Chile,2010-01-01,4.78894268723008
Chile,2011-01-01,5.17603699803075
Chile,2012-01-01,5.12573837988386
China,1990-01-01,2.40655857199583
China,1991-01-01,7.78209199050757
China,1992-01-01,12.8332095807123
China,1993-01-01,12.5819966439285
China,1994-01-01,11.7663891477992
China,1995-01-01,9.7549548842172
China,1996-01-01,8.77642981434141
China,1997-01-01,8.12449757938634
China,1998-01-01,6.81606455946347
China,1999-01-01,6.7334856640101
China,2000-01-01,7.63859767394915
China,2001-01-01,7.55165482920275
China,2002-01-01,8.40487997475978
China,2003-01-01,9.35477664751414
China,2004-01-01,9.46155877125059
China,2005-01-01,10.7413751253692
China,2006-01-01,12.0933046926809
China,2007-01-01,13.6358205016025
China,2008-01-01,9.09028010033224
China,2009-01-01,8.85594767481155
China,2010-01-01,10.1028326239837
China,2011-01-01,8.95381604181145
China,2012-01-01,7.13452377727239
Colombia,1990-01-01,2.11239850086568
Colombia,1991-01-01,-0.0561513849875581
Colombia,1992-01-01,2.00195216256009
Colombia,1993-01-01,3.3282368896095
Colombia,1994-01-01,3.77386715628458
Colombia,1995-01-01,3.22930517101223
Colombia,1996-01-01,0.210252816894155
Colombia,1997-01-01,1.60150354091242
Colombia,1998-01-01,-1.15954992854655
Colombia,1999-01-01,-5.79449536357303
Colombia,2000-01-01,1.27108262650222
Colombia,2001-01-01,0.0884838526056058
Colombia,2002-01-01,0.942693273744325
Colombia,2003-01-01,2.39044804171908
Colombia,2004-01-01,3.83937816611186
Colombia,2005-01-01,3.40689564758681
Colombia,2006-01-01,5.33972344422868
Colombia,2007-01-01,5.42284761879293
Colombia,2008-01-01,2.08424236302407
Colombia,2009-01-01,0.0016622794089613
Colombia,2010-01-01,3.32373450571197
Colombia,2011-01-01,5.78469976561988
Colombia,2012-01-01,2.83788902621922
"Congo, Dem. Rep.",1990-01-01,-9.58421338945476
"Congo, Dem. Rep.",1991-01-01,-11.3935254219913
"Congo, Dem. Rep.",1992-01-01,-13.1558716343324
"Congo, Dem. Rep.",1993-01-01,-16.1985912397619
"Congo, Dem. Rep.",1994-01-01,-8.37057695662939
"Congo, Dem. Rep.",1995-01-01,-3.42658077052485
"Congo, Dem. Rep.",1996-01-01,-2.89175816859229
"Congo, Dem. Rep.",1997-01-01,-7.09839674367429
"Congo, Dem. Rep.",1998-01-01,-3.92480003448861
"Congo, Dem. Rep.",1999-01-01,-6.96953209498866
"Congo, Dem. Rep.",2000-01-01,-9.57069432425411
"Congo, Dem. Rep.",2001-01-01,-5.01204216303688
"Congo, Dem. Rep.",2002-01-01,-0.151731064535326
"Congo, Dem. Rep.",2003-01-01,2.51486599529831
"Congo, Dem. Rep.",2004-01-01,3.60340242039344
"Congo, Dem. Rep.",2005-01-01,2.87952826492376
"Congo, Dem. Rep.",2006-01-01,2.01714835146625
"Congo, Dem. Rep.",2007-01-01,2.89701425289677
"Congo, Dem. Rep.",2008-01-01,2.88074155786697
"Congo, Dem. Rep.",2009-01-01,-0.378462199545467
"Congo, Dem. Rep.",2010-01-01,3.68616011560268
"Congo, Dem. Rep.",2011-01-01,3.3518213098954
"Congo, Dem. Rep.",2012-01-01,3.5520187670967
"Congo, Rep.",1990-01-01,-1.8053791988368
"Congo, Rep.",1991-01-01,-0.411797992319293
"Congo, Rep.",1992-01-01,-0.167412667474878
"Congo, Rep.",1993-01-01,-3.77413499146964
"Congo, Rep.",1994-01-01,-8.15038150483257
"Congo, Rep.",1995-01-01,1.21387033209628
"Congo, Rep.",1996-01-01,1.53988279918413
"Congo, Rep.",1997-01-01,-2.64485040853276
"Congo, Rep.",1998-01-01,1.54322312823074
"Congo, Rep.",1999-01-01,-5.14928871972042
"Congo, Rep.",2000-01-01,3.54720581589751
"Congo, Rep.",2001-01-01,-0.0275441881035619
"Congo, Rep.",2002-01-01,2.16266173734763
"Congo, Rep.",2003-01-01,-1.9389961161344
"Congo, Rep.",2004-01-01,0.019857937645142
"Congo, Rep.",2005-01-01,3.94682345956284
"Congo, Rep.",2006-01-01,4.00799190736846
"Congo, Rep.",2007-01-01,-9.98953790484492
"Congo, Rep.",2008-01-01,2.8420364815555
"Congo, Rep.",2009-01-01,7.24158192131455
"Congo, Rep.",2010-01-01,5.45626725047971
"Congo, Rep.",2011-01-01,-1.05657886850042
"Congo, Rep.",2012-01-01,6.93698616278415
Costa Rica,1990-01-01,0.954542164963982
Costa Rica,1991-01-01,-0.296531513277017
Costa Rica,1992-01-01,6.48828418009417
Costa Rica,1993-01-01,4.47326645785009
Costa Rica,1994-01-01,2.00936293620752
Costa Rica,1995-01-01,1.71385960889158
Costa Rica,1996-01-01,-0.960770713512076
Costa Rica,1997-01-01,3.12974749179172
Costa Rica,1998-01-01,4.85597141992677
Costa Rica,1999-01-01,2.07761459445482
Costa Rica,2000-01-01,1.83887356626438
Costa Rica,2001-01-01,1.6009828013412
Costa Rica,2002-01-01,1.6759375167196
Costa Rica,2003-01-01,2.67377602698802
Costa Rica,2004-01-01,2.84845798619627
Costa Rica,2005-01-01,2.45679896896107
Costa Rica,2006-01-01,5.79983828152986
Costa Rica,2007-01-01,6.70775526645618
Costa Rica,2008-01-01,3.29801133330045
Costa Rica,2009-01-01,-2.20305716727071
Costa Rica,2010-01-01,4.01263887146661
Costa Rica,2011-01-01,3.11652611610467
Costa Rica,2012-01-01,3.62781247373715
Cote d'Ivoire,1990-01-01,-4.81271509640771
Cote d'Ivoire,1991-01-01,-3.66921109931063
Cote d'Ivoire,1992-01-01,-3.88910381693806
Cote d'Ivoire,1993-01-01,-3.77612589605334
Cote d'Ivoire,1994-01-01,-2.73732272804006
Cote d'Ivoire,1995-01-01,3.3991809478479
Cote d'Ivoire,1996-01-01,4.01091003827452
Cote d'Ivoire,1997-01-01,5.89860298914002
Cote d'Ivoire,1998-01-01,0.821945735910191
Cote d'Ivoire,1999-01-01,-1.84665208361815
Cote d'Ivoire,2000-01-01,-2.959710897695
Cote d'Ivoire,2001-01-01,-4.68334631573148
Cote d'Ivoire,2002-01-01,-5.14208530720043
Cote d'Ivoire,2003-01-01,-7.00066132974892
Cote d'Ivoire,2004-01-01,0.801103621302261
Cote d'Ivoire,2005-01-01,-1.26826505224787
Cote d'Ivoire,2006-01-01,0.5686242568826
Cote d'Ivoire,2007-01-01,-1.05981563446697
Cote d'Ivoire,2008-01-01,2.57386800536852
Cote d'Ivoire,2009-01-01,1.43226136789183
Cote d'Ivoire,2010-01-01,4.61051808695339
Cote d'Ivoire,2011-01-01,-7.31400548495932
Cote d'Ivoire,2012-01-01,5.43092306704378
Denmark,1990-01-01,1.31052516322782
Denmark,1991-01-01,1.13084019769691
Denmark,1992-01-01,1.6204208518857
Denmark,1993-01-01,-0.321959929787013
Denmark,1994-01-01,4.97734717856856
Denmark,1995-01-01,2.49224816939837
Denmark,1996-01-01,2.3194056984626
Denmark,1997-01-01,2.83266446548333
Denmark,1998-01-01,1.8476139445406
Denmark,1999-01-01,2.60794426036803
Denmark,2000-01-01,3.40068454610739
Denmark,2001-01-01,0.462534295314015
Denmark,2002-01-01,0.145880726640385
Denmark,2003-01-01,0.117358167353501
Denmark,2004-01-01,2.40323399664311
Denmark,2005-01-01,2.05511051582938
Denmark,2006-01-01,3.57206346379428
Denmark,2007-01-01,0.46273149419045
Denmark,2008-01-01,-1.09484212816196
Denmark,2009-01-01,-5.4140139985128
Denmark,2010-01-01,1.41948663073603
Denmark,2011-01-01,0.920393685285319
Denmark,2012-01-01,-0.149916088315891
Dominican Republic,1990-01-01,-7.42998327819636
Dominican Republic,1991-01-01,-1.12786159425657
Dominican Republic,1992-01-01,8.99065604829876
Dominican Republic,1993-01-01,5.25672562005555
Dominican Republic,1994-01-01,0.63626597051254
Dominican Republic,1995-01-01,3.72718073541247
Dominican Republic,1996-01-01,4.09218948821446
Dominican Republic,1997-01-01,7.04476445747363
Dominican Republic,1998-01-01,5.01302487443998
Dominican Republic,1999-01-01,4.31218911356312
Dominican Republic,2000-01-01,3.07584227693847
Dominican Republic,2001-01-01,0.943739474942333
Dominican Republic,2002-01-01,2.99736537466234
Dominican Republic,2003-01-01,-2.72546246439585
Dominican Republic,2004-01-01,1.17190849929456
Dominican Republic,2005-01-01,7.97583136812364
Dominican Republic,2006-01-01,7.77030734946598
Dominican Republic,2007-01-01,6.0674209435771
Dominican Republic,2008-01-01,1.90090507952465
Dominican Republic,2009-01-01,-0.362882607935276
Dominican Republic,2010-01-01,6.92448431266428
Dominican Republic,2011-01-01,1.80067136186146
Dominican Republic,2012-01-01,1.41538869475441
Ecuador,1990-01-01,1.30216416418996
Ecuador,1991-01-01,1.9838176198196
Ecuador,1992-01-01,-0.0183417776277395
Ecuador,1993-01-01,-0.0291534015378119
Ecuador,1994-01-01,2.2845320161192
Ecuador,1995-01-01,0.359639647884279
Ecuador,1996-01-01,-0.113109061948791
Ecuador,1997-01-01,2.47749961736288
Ecuador,1998-01-01,1.47324406559667
Ecuador,1999-01-01,-6.36916360582323
Ecuador,2000-01-01,-0.62524091265476
Ecuador,2001-01-01,2.24218068200726
Ecuador,2002-01-01,2.3041336944295
Ecuador,2003-01-01,0.942184171446428
Ecuador,2004-01-01,6.3448823359072
Ecuador,2005-01-01,3.49119549287971
Ecuador,2006-01-01,2.62199670885737
Ecuador,2007-01-01,0.449299320479653
Ecuador,2008-01-01,4.55994357811207
Ecuador,2009-01-01,-1.1113644744221
Ecuador,2010-01-01,1.82064769346837
Ecuador,2011-01-01,6.11153231629918
Ecuador,2012-01-01,3.96251917938639
"Egypt, Arab Rep.",1990-01-01,2.99133208157623
"Egypt, Arab Rep.",1991-01-01,-1.28389809919649
"Egypt, Arab Rep.",1992-01-01,2.0728399954949
"Egypt, Arab Rep.",1993-01-01,0.565475840383996
"Egypt, Arab Rep.",1994-01-01,1.66492933928521
"Egypt, Arab Rep.",1995-01-01,2.37393676032795
"Egypt, Arab Rep.",1996-01-01,2.74967099933494
"Egypt, Arab Rep.",1997-01-01,3.24290073327806
"Egypt, Arab Rep.",1998-01-01,3.33540343760552
"Egypt, Arab Rep.",1999-01-01,3.83570651361936
"Egypt, Arab Rep.",2000-01-01,4.18886598221562
"Egypt, Arab Rep.",2001-01-01,1.42787503009416
"Egypt, Arab Rep.",2002-01-01,0.271350019435516
"Egypt, Arab Rep.",2003-01-01,1.061259565654
"Egypt, Arab Rep.",2004-01-01,1.99860684770231
"Egypt, Arab Rep.",2005-01-01,2.4201256292698
"Egypt, Arab Rep.",2006-01-01,4.78412756450419
"Egypt, Arab Rep.",2007-01-01,5.01808482067953
"Egypt, Arab Rep.",2008-01-01,5.07816837248258
"Egypt, Arab Rep.",2009-01-01,2.64591866388851
"Egypt, Arab Rep.",2010-01-01,3.03669718542545
"Egypt, Arab Rep.",2011-01-01,-0.457409359166903
"Egypt, Arab Rep.",2012-01-01,-0.0597877604860599
Fiji,1990-01-01,4.75261753344111
Fiji,1991-01-01,-3.24574419793183
Fiji,1992-01-01,5.82668139899579
Fiji,1993-01-01,1.82734267073256
Fiji,1994-01-01,4.88669047922954
Fiji,1995-01-01,2.31330463544994
Fiji,1996-01-01,4.23530470716007
Fiji,1997-01-01,-3.17657474674682
Fiji,1998-01-01,0.133232216956287
Fiji,1999-01-01,7.54805258731925
Fiji,2000-01-01,-2.77296232923001
Fiji,2001-01-01,0.931771647140692
Fiji,2002-01-01,2.15924542602002
Fiji,2003-01-01,0.0097755848323686
Fiji,2004-01-01,4.28088984862526
Fiji,2005-01-01,-0.247123291094439
Fiji,2006-01-01,0.911330811189174
Fiji,2007-01-01,-1.69281058294433
Fiji,2008-01-01,0.347435414506506
Fiji,2009-01-01,-1.89498024658327
Fiji,2010-01-01,2.52404964362454
Fiji,2011-01-01,2.34491097690483
Fiji,2012-01-01,1.11032817332519
Finland,1990-01-01,0.224909953309819
Finland,1991-01-01,-6.39894943925279
Finland,1992-01-01,-3.83653305243031
Finland,1993-01-01,-1.14148806321053
Finland,1994-01-01,3.51588527380258
Finland,1995-01-01,3.81987628771239
Finland,1996-01-01,3.32766934196786
Finland,1997-01-01,6.01805275790927
Finland,1998-01-01,5.17759148031172
Finland,1999-01-01,4.13757473719116
Finland,2000-01-01,5.55399785284234
Finland,2001-01-01,2.37665487011792
Finland,2002-01-01,1.46092862242904
Finland,2003-01-01,1.7608385701202
Finland,2004-01-01,3.6905877973641
Finland,2005-01-01,2.4286892269546
Finland,2006-01-01,3.62894134847109
Finland,2007-01-01,4.85231327619931
Finland,2008-01-01,0.315886376754079
Finland,2009-01-01,-8.51302848718304
Finland,2010-01-01,2.71496673450685
Finland,2011-01-01,2.07339631453335
Finland,2012-01-01,-1.86559117436354
France,1990-01-01,2.43024696521512
France,1991-01-01,0.163146327538627
France,1992-01-01,1.09459803470457
France,1993-01-01,-1.05943733477235
France,1994-01-01,1.97639227526432
France,1995-01-01,1.73610124363859
France,1996-01-01,1.05172456046772
France,1997-01-01,1.97211924452768
France,1998-01-01,3.20515305526739
France,1999-01-01,2.8886986204338
France,2000-01-01,3.21238484755931
France,2001-01-01,1.24252728979701
France,2002-01-01,0.401189128588285
France,2003-01-01,0.109402978570955
France,2004-01-01,2.07662490819244
France,2005-01-01,0.903680386720666
France,2006-01-01,1.74108525754491
France,2007-01-01,1.79523636713417
France,2008-01-01,-0.302483826449375
France,2009-01-01,-3.37039728344885
France,2010-01-01,1.44824526229692
France,2011-01-01,1.70061040175906
France,2012-01-01,-0.171161336111382
Gabon,1990-01-01,2.35448195283419
Gabon,1991-01-01,3.27928561418433
Gabon,1992-01-01,-5.65439710339732
Gabon,1993-01-01,1.22015196944625
Gabon,1994-01-01,1.03641228933186
Gabon,1995-01-01,2.32106790086499
Gabon,1996-01-01,1.0459529402367
Gabon,1997-01-01,3.12091247448183
Gabon,1998-01-01,0.909687405496882
Gabon,1999-01-01,-11.2029144222056
Gabon,2000-01-01,-4.36268695523565
Gabon,2001-01-01,-0.495554568762373
Gabon,2002-01-01,-2.85905618537072
Gabon,2003-01-01,-0.475164874647575
Gabon,2004-01-01,-2.06105046700549
Gabon,2005-01-01,-0.227534413559397
Gabon,2006-01-01,-5.66448543910244
Gabon,2007-01-01,2.7767833135993
Gabon,2008-01-01,-6.34241208334988
Gabon,2009-01-01,-3.11323998760122
Gabon,2010-01-01,3.48729414610895
Gabon,2011-01-01,3.38236084810524
Gabon,2012-01-01,1.5718549447385
Ghana,1990-01-01,0.689672245346642
Ghana,1991-01-01,2.64710790346061
Ghana,1992-01-01,1.33335589050813
Ghana,1993-01-01,2.31698312468637
Ghana,1994-01-01,0.892084666881061
Ghana,1995-01-01,1.73618613692337
Ghana,1996-01-01,2.22753406791465
Ghana,1997-01-01,1.77779576388197
Ghana,1998-01-01,2.20148382025742
Ghana,1999-01-01,1.88437970613955
Ghana,2000-01-01,1.12293234445129
Ghana,2001-01-01,1.27030341934484
Ghana,2002-01-01,1.66705097481452
Ghana,2003-01-01,2.3828249421414
Ghana,2004-01-01,2.81890927634004
Ghana,2005-01-01,3.12030742525397
Ghana,2006-01-01,3.62857797033644
Ghana,2007-01-01,1.66321253085184
Ghana,2008-01-01,6.37791278002531
Ghana,2009-01-01,2.21956802326369
Ghana,2010-01-01,5.26723802894486
Ghana,2011-01-01,11.3000726943874
Ghana,2012-01-01,6.6363517017998
Greece,1990-01-01,-1.05223289834684
Greece,1991-01-01,1.8698347085252
Greece,1992-01-01,-0.0662995182465806
Greece,1993-01-01,-2.177150179892
Greece,1994-01-01,1.49055895211627
Greece,1995-01-01,1.6238248435133
Greece,1996-01-01,2.40984288039809
Greece,1997-01-01,3.97008205093157
Greece,1998-01-01,3.3206994426733
Greece,1999-01-01,2.67810007018919
Greece,2000-01-01,3.49556337411252
Greece,2001-01-01,3.5916527118378
Greece,2002-01-01,3.54262270573152
Greece,2003-01-01,5.54236124450642
Greece,2004-01-01,4.80137866107285
Greece,2005-01-01,0.304568112754566
Greece,2006-01-01,5.33560169088059
Greece,2007-01-01,3.0109840216769
Greece,2008-01-01,-0.599389790154333
Greece,2009-01-01,-4.55211707597449
Greece,2010-01-01,-5.5995501914707
Greece,2011-01-01,-10.0162812051982
Greece,2012-01-01,-6.58290444947292
Guatemala,1990-01-01,0.32144959608857
Guatemala,1991-01-01,0.907587468860044
Guatemala,1992-01-01,2.12247690614538
Guatemala,1993-01-01,1.3098623565804
Guatemala,1994-01-01,1.47471917231015
Guatemala,1995-01-01,2.40548937446665
Guatemala,1996-01-01,0.513474282848065
Guatemala,1997-01-01,1.9319116889144
Guatemala,1998-01-01,2.54265244669416
Guatemala,1999-01-01,1.41535369635115
Guatemala,2000-01-01,1.11752913241804
Guatemala,2001-01-01,-0.0965681262265718
Guatemala,2002-01-01,1.48038851969432
Guatemala,2003-01-01,0.348007859398564
Guatemala,2004-01-01,0.968363113159469
Guatemala,2005-01-01,1.15293409239077
Guatemala,2006-01-01,3.23821937056923
Guatemala,2007-01-01,4.25714892993594
Guatemala,2008-01-01,1.32165978349745
Guatemala,2009-01-01,-1.39547065582242
Guatemala,2010-01-01,1.0118948603419
Guatemala,2011-01-01,2.28579516997895
Guatemala,2012-01-01,1.16050888968185
Guyana,1990-01-01,-2.31744468211397
Guyana,1991-01-01,6.48831434774661
Guyana,1992-01-01,7.62741883123779
Guyana,1993-01-01,7.85790106934657
Guyana,1994-01-01,8.19113534523972
Guyana,1995-01-01,4.73201103362328
Guyana,1996-01-01,7.68590487832658
Guyana,1997-01-01,5.9500859555059
Guyana,1998-01-01,-1.87218686268115
Guyana,1999-01-01,2.78126523911118
Guyana,2000-01-01,-1.49855866264538
Guyana,2001-01-01,2.17748565093585
Guyana,2002-01-01,1.06425842617712
Guyana,2003-01-01,-0.663450848034557
Guyana,2004-01-01,1.58178359408005
Guyana,2005-01-01,-1.85867875493553
Guyana,2006-01-01,5.31564583896002
Guyana,2007-01-01,7.45279543337966
Guyana,2008-01-01,2.0751354960645
Guyana,2009-01-01,4.01036543277935
Guyana,2010-01-01,4.6015377876125
Guyana,2011-01-01,5.71952598277396
Guyana,2012-01-01,5.31368844499742
Haiti,1990-01-01,-1.02149742352819
Haiti,1991-01-01,-0.148456999875293
Haiti,1992-01-01,-7.14603805233838
Haiti,1993-01-01,-7.23075537430773
Haiti,1994-01-01,-13.5990473206435
Haiti,1995-01-01,7.86287587242028
Haiti,1996-01-01,2.22058814061666
Haiti,1997-01-01,0.828703550283578
Haiti,1998-01-01,0.334608148410936
Haiti,1999-01-01,0.857909363305993
Haiti,2000-01-01,-0.955253581437972
Haiti,2001-01-01,-2.11657955027013
Haiti,2002-01-01,-0.696064318102501
Haiti,2003-01-01,1.71114554390788
Haiti,2004-01-01,-2.96130214978088
Haiti,2005-01-01,1.37075120676454
Haiti,2006-01-01,0.0731553582621132
Haiti,2007-01-01,2.98893769032907
Haiti,2008-01-01,1.00245558977585
Haiti,2009-01-01,4.19938891519173
Haiti,2010-01-01,-6.7274022333787
Haiti,2011-01-01,3.92170791200381
Haiti,2012-01-01,-1.03095123146231
Honduras,1990-01-01,-0.0471084830697635
Honduras,1991-01-01,-5.99176818348747
Honduras,1992-01-01,3.13868641973481
Honduras,1993-01-01,3.54957434469235
Honduras,1994-01-01,-2.5552217946677
Honduras,1995-01-01,3.26827442629836
Honduras,1996-01-01,-0.919810207240531
Honduras,1997-01-01,1.7454879284585
Honduras,1998-01-01,0.890268831649848
Honduras,1999-01-01,-3.32290709133063
Honduras,2000-01-01,4.40041232348534
Honduras,2001-01-01,0.0020399276373268
Honduras,2002-01-01,1.06368066959264
Honduras,2003-01-01,1.90540343489569
Honduras,2004-01-01,3.62051073154228
Honduras,2005-01-01,3.51021746268962
Honduras,2006-01-01,4.08252284588259
Honduras,2007-01-01,3.78620423344134
Honduras,2008-01-01,1.95039363236373
Honduras,2009-01-01,-4.50062192122161
Honduras,2010-01-01,1.59990328102285
Honduras,2011-01-01,1.76956308676944
Honduras,2012-01-01,2.11698699879715
India,1990-01-01,3.2978540660614
India,1991-01-01,-1.04510546740303
India,1992-01-01,3.31686593372942
India,1993-01-01,2.62746586066878
India,1994-01-01,4.52513381389291
India,1995-01-01,5.45294586121274
India,1996-01-01,5.47110810248917
India,1997-01-01,2.07187327741829
India,1998-01-01,4.19892116035099
India,1999-01-01,6.85133340628408
India,2000-01-01,1.96595243714461
India,2001-01-01,2.94531936072761
India,2002-01-01,1.97590798376778
India,2003-01-01,6.01652056440179
India,2004-01-01,6.13260616737763
India,2005-01-01,6.20601103176857
India,2006-01-01,6.42604471378382
India,2007-01-01,6.09362578030373
India,2008-01-01,1.63078058947761
India,2009-01-01,6.3717093880106
India,2010-01-01,7.01317458091675
India,2011-01-01,3.81807313040827
India,2012-01-01,4.06082356943716
Indonesia,1990-01-01,5.33442787463557
Indonesia,1991-01-01,4.9317036843634
Indonesia,1992-01-01,4.69173959995143
Indonesia,1993-01-01,4.73077166524077
Indonesia,1994-01-01,5.77939506648258
Indonesia,1995-01-01,6.46588289167222
Indonesia,1996-01-01,6.0868594067103
Indonesia,1997-01-01,3.03482808234281
Indonesia,1998-01-01,-14.4756514923055
Indonesia,1999-01-01,-0.709500928813952
Indonesia,2000-01-01,3.41271420371963
Indonesia,2001-01-01,2.19224697535924
Indonesia,2002-01-01,3.07396717215921
Indonesia,2003-01-01,3.38769983664584
Indonesia,2004-01-01,3.70207032744014
Indonesia,2005-01-01,4.36841866653896
Indonesia,2006-01-01,4.13903544058229
Indonesia,2007-01-01,4.95904841842633
Indonesia,2008-01-01,4.64217359780631
Indonesia,2009-01-01,3.30690394106003
Indonesia,2010-01-01,4.90272857873705
Indonesia,2011-01-01,4.84490570055715
Indonesia,2012-01-01,4.70670292023203
"Iran, Islamic Rep.",1990-01-01,9.21981504385518
"Iran, Islamic Rep.",1991-01-01,8.4453735346915
"Iran, Islamic Rep.",1992-01-01,0.895027441958149
"Iran, Islamic Rep.",1993-01-01,-2.10321166266533
"Iran, Islamic Rep.",1994-01-01,-2.07572164025737
"Iran, Islamic Rep.",1995-01-01,1.03828693415321
"Iran, Islamic Rep.",1996-01-01,4.96315205589815
"Iran, Islamic Rep.",1997-01-01,-0.0805546118939731
"Iran, Islamic Rep.",1998-01-01,0.502217633601447
"Iran, Islamic Rep.",1999-01-01,0.399560305087604
"Iran, Islamic Rep.",2000-01-01,4.11820328520702
"Iran, Islamic Rep.",2001-01-01,0.65611971783126
"Iran, Islamic Rep.",2002-01-01,7.03176015167281
"Iran, Islamic Rep.",2003-01-01,7.63598193381772
"Iran, Islamic Rep.",2004-01-01,2.66427558002053
"Iran, Islamic Rep.",2005-01-01,1.54171003692618
"Iran, Islamic Rep.",2006-01-01,3.38939916561527
"Iran, Islamic Rep.",2007-01-01,6.59495290620707
"Iran, Islamic Rep.",2008-01-01,-1.11507898169339
"Iran, Islamic Rep.",2009-01-01,-0.357484605466496
"Iran, Islamic Rep.",2010-01-01,4.32247152034093
"Iran, Islamic Rep.",2011-01-01,1.342708536713
"Iran, Islamic Rep.",2012-01-01,-4.96890947752749
Italy,1990-01-01,1.90043982743266
Italy,1991-01-01,1.46817561113606
Italy,1992-01-01,0.765807599435163
Italy,1993-01-01,-0.913401721941298
Italy,1994-01-01,2.1302154755529
Italy,1995-01-01,2.88520235071749
Italy,1996-01-01,1.23832837048366
Italy,1997-01-01,1.77635122351289
Italy,1998-01-01,1.78132437367471
Italy,1999-01-01,1.60863473141113
Italy,2000-01-01,3.73994653301939
Italy,2001-01-01,1.89412399481279
Italy,2002-01-01,0.104759513559856
Italy,2003-01-01,-0.305508789463317
Italy,2004-01-01,0.769317663351927
Italy,2005-01-01,0.323656244406962
Italy,2006-01-01,1.48515735957702
Italy,2007-01-01,0.975922132963376
Italy,2008-01-01,-1.61594062742927
Italy,2009-01-01,-5.71150838276657
Italy,2010-01-01,1.40091534299962
Italy,2011-01-01,0.534287439584816
Italy,2012-01-01,-3.24206011995115
Japan,1990-01-01,4.49366120419509
Japan,1991-01-01,3.11749463315445
Japan,1992-01-01,0.526745036209022
Japan,1993-01-01,-0.781376228136594
Japan,1994-01-01,0.801559685125412
Japan,1995-01-01,2.39051955805158
Japan,1996-01-01,2.900141234358
Japan,1997-01-01,0.740905952598837
Japan,1998-01-01,-1.53824407565509
Japan,1999-01-01,-0.515740590055131
Japan,2000-01-01,2.59289108650813
Japan,2001-01-01,0.144511690084897
Japan,2002-01-01,-0.190392013612978
Japan,2003-01-01,1.31809196241525
Japan,2004-01-01,2.15172332918605
Japan,2005-01-01,1.79433980060388
Japan,2006-01-01,1.30812718300903
Japan,2007-01-01,1.36742232603785
Japan,2008-01-01,-1.27210994887062
Japan,2009-01-01,-5.68145234031182
Japan,2010-01-01,4.07922304843274
Japan,2011-01-01,0.209251802819637
Japan,2012-01-01,1.53678665884595
Kenya,1990-01-01,0.708229893930422
Kenya,1991-01-01,-1.76774016540085
Kenya,1992-01-01,-3.76672322218514
Kenya,1993-01-01,-2.55603342831536
Kenya,1994-01-01,-0.28086993951004
Kenya,1995-01-01,1.51388158908323
Kenya,1996-01-01,1.36593443748743
Kenya,1997-01-01,-2.17661328760948
Kenya,1998-01-01,0.549589375855788
Kenya,1999-01-01,-0.520692989207859
Kenya,2000-01-01,-2.29089371405009
Kenya,2001-01-01,0.683718599881104
Kenya,2002-01-01,-2.45753857083356
Kenya,2003-01-01,-0.0771126026028952
Kenya,2004-01-01,2.0086928804449
Kenya,2005-01-01,2.80072342013644
Kenya,2006-01-01,3.35188977379228
Kenya,2007-01-01,3.72825674318634
Kenya,2008-01-01,-2.70944940440107
Kenya,2009-01-01,0.293173946681733
Kenya,2010-01-01,5.05639090011911
Kenya,2011-01-01,2.36641973489743
Kenya,2012-01-01,1.96040098727816
"Korea, Rep.",1990-01-01,8.80042947047626
"Korea, Rep.",1991-01-01,9.68699892935838
"Korea, Rep.",1992-01-01,5.10078169583505
"Korea, Rep.",1993-01-01,5.79728551709316
"Korea, Rep.",1994-01-01,8.17476415138178
"Korea, Rep.",1995-01-01,8.51715304454162
"Korea, Rep.",1996-01-01,6.86762448842396
"Korea, Rep.",1997-01-01,5.17962976582618
"Korea, Rep.",1998-01-01,-5.8118196273288
"Korea, Rep.",1999-01-01,10.6774505835378
"Korea, Rep.",2000-01-01,8.15268965958531
"Korea, Rep.",2001-01-01,4.05100640297607
"Korea, Rep.",2002-01-01,7.10433310954843
"Korea, Rep.",2003-01-01,2.6140398272664
"Korea, Rep.",2004-01-01,4.78128615324052
"Korea, Rep.",2005-01-01,4.08764514661904
"Korea, Rep.",2006-01-01,4.71292765493601
"Korea, Rep.",2007-01-01,5.26636114571932
"Korea, Rep.",2008-01-01,2.23375225977168
"Korea, Rep.",2009-01-01,0.275268980329585
"Korea, Rep.",2010-01-01,6.27401988865388
"Korea, Rep.",2011-01-01,2.89141199434026
"Korea, Rep.",2012-01-01,1.86559949596563
Lesotho,1990-01-01,4.16471039761799
Lesotho,1991-01-01,5.18265026193012
Lesotho,1992-01-01,5.28754118008167
Lesotho,1993-01-01,2.02910114417305
Lesotho,1994-01-01,4.5840713355982
Lesotho,1995-01-01,2.0392679958769
Lesotho,1996-01-01,4.46177599505207
Lesotho,1997-01-01,2.78458200310099
Lesotho,1998-01-01,0.869819349704244
Lesotho,1999-01-01,0.0425294247694126
Lesotho,2000-01-01,3.64753961738866
Lesotho,2001-01-01,3.5179194788337
Lesotho,2002-01-01,0.821608273712656
Lesotho,2003-01-01,4.79606890663517
Lesotho,2004-01-01,2.08400619961957
Lesotho,2005-01-01,3.88261906232347
Lesotho,2006-01-01,4.26405117755183
Lesotho,2007-01-01,3.83676317112065
Lesotho,2008-01-01,4.91255178927716
Lesotho,2009-01-01,-1.94944495063868
Lesotho,2010-01-01,4.56303194245879
Lesotho,2011-01-01,3.84989252888876
Lesotho,2012-01-01,5.45219186619134
Luxembourg,1990-01-01,4.00981020850895
Luxembourg,1991-01-01,7.19840619374983
Luxembourg,1992-01-01,0.476077003942294
Luxembourg,1993-01-01,2.81122130846956
Luxembourg,1994-01-01,2.41662903682787
Luxembourg,1995-01-01,0.0172999218450087
Luxembourg,1996-01-01,0.0272513379933486
Luxembourg,1997-01-01,4.10664071125848
Luxembourg,1998-01-01,5.3558373863186
Luxembourg,1999-01-01,6.72396680342764
Luxembourg,2000-01-01,5.51040939515839
Luxembourg,2001-01-01,1.85457468137487
Luxembourg,2002-01-01,2.14960989891686
Luxembourg,2003-01-01,1.37989335885587
Luxembourg,2004-01-01,2.76088818070728
Luxembourg,2005-01-01,0.926765760747131
Luxembourg,2006-01-01,4.33910831451982
Luxembourg,2007-01-01,6.44203136625568
Luxembourg,2008-01-01,-2.06647390176839
Luxembourg,2009-01-01,-5.01426301262075
Luxembourg,2010-01-01,1.88354730979161
Luxembourg,2011-01-01,-1.17679786686928
Luxembourg,2012-01-01,-0.762183409548683
Madagascar,1990-01-01,0.12577423312969
Madagascar,1991-01-01,-9.07997666530078
Madagascar,1992-01-01,-1.84958601126102
Madagascar,1993-01-01,-1.01134027473965
Madagascar,1994-01-01,-3.13708570875995
Madagascar,1995-01-01,-1.49597837029563
Madagascar,1996-01-01,-1.0445042045228
Madagascar,1997-01-01,0.455819396206977
Madagascar,1998-01-01,0.700741714149672
Madagascar,1999-01-01,1.50484231429651
Madagascar,2000-01-01,1.32925274615536
Madagascar,2001-01-01,2.85192316692986
Madagascar,2002-01-01,-14.9640325429341
Madagascar,2003-01-01,6.6112202646069
Madagascar,2004-01-01,2.22074756221302
Madagascar,2005-01-01,1.73785955905217
Madagascar,2006-01-01,2.35845936591721
Madagascar,2007-01-01,2.66174838142459
Madagascar,2008-01-01,3.65049650291004
Madagascar,2009-01-01,-6.72284484044134
Madagascar,2010-01-01,-2.22352581546593
Madagascar,2011-01-01,-1.22648220225398
Madagascar,2012-01-01,0.238846840515052
Malawi,1990-01-01,1.65091809580153
Malawi,1991-01-01,5.50181805563513
Malawi,1992-01-01,-9.93319036359028
Malawi,1993-01-01,8.17527867117114
Malawi,1994-01-01,-9.12893453389437
Malawi,1995-01-01,16.9479316560454
Malawi,1996-01-01,5.25880503732212
Malawi,1997-01-01,1.79657773624764
Malawi,1998-01-01,1.76769844975647
Malawi,1999-01-01,0.774662868919648
Malawi,2000-01-01,-0.734438442703805
Malawi,2001-01-01,-7.20151338740452
Malawi,2002-01-01,-0.765413092768725
Malawi,2003-01-01,3.0519112337045
Malawi,2004-01-01,2.67377086646808
Malawi,2005-01-01,0.481251642915808
Malawi,2006-01-01,1.80554111182229
Malawi,2007-01-01,6.5370225220754
Malawi,2008-01-01,4.58663976948441
Malawi,2009-01-01,5.22568682240623
Malawi,2010-01-01,3.82804625455732
Malawi,2011-01-01,1.96974339549574
Malawi,2012-01-01,-0.945888195310673
Malaysia,1990-01-01,5.91625281875723
Malaysia,1991-01-01,6.50299443660994
Malaysia,1992-01-01,5.89219052354912
Malaysia,1993-01-01,6.875763589896
Malaysia,1994-01-01,6.20906373895762
Malaysia,1995-01-01,6.83921620320704
Malaysia,1996-01-01,7.06687626296723
Malaysia,1997-01-01,4.49372110309005
Malaysia,1998-01-01,-9.74381669696452
Malaysia,1999-01-01,3.489407143004
Malaysia,2000-01-01,6.12379809146435
Malaysia,2001-01-01,-2.0328566461191
Malaysia,2002-01-01,2.77207357675051
Malaysia,2003-01-01,3.23580563991916
Malaysia,2004-01-01,4.28032987005551
Malaysia,2005-01-01,2.93368537434459
Malaysia,2006-01-01,3.25134638023845
Malaysia,2007-01-01,4.01061550038844
Malaysia,2008-01-01,2.66538603495819
Malaysia,2009-01-01,-3.44334280616775
Malaysia,2010-01-01,5.55251852182685
Malaysia,2011-01-01,3.61117339714292
Malaysia,2012-01-01,3.78048933448123
Mexico,1990-01-01,3.33530749896302
Mexico,1991-01-01,1.94112609301042
Mexico,1992-01-01,1.56827590088548
Mexico,1993-01-01,0.901886387342216
Mexico,1994-01-01,2.4248208580689
Mexico,1995-01-01,-7.64124460794521
Mexico,1996-01-01,4.3429871768452
Mexico,1997-01-01,5.36219978605692
Mexico,1998-01-01,4.41002183210024
Mexico,1999-01-01,1.08303683458344
Mexico,2000-01-01,3.37815766178009
Mexico,2001-01-01,-1.9740608911209
Mexico,2002-01-01,-1.74197265971698
Mexico,2003-01-01,-0.308351814824903
Mexico,2004-01-01,2.05451830256638
Mexico,2005-01-01,0.663910230448124
Mexico,2006-01-01,3.38875708958024
Mexico,2007-01-01,0.743081231410244
Mexico,2008-01-01,-0.328086091072763
Mexico,2009-01-01,-7.44700134811362
Mexico,2010-01-01,3.58800270790793
Mexico,2011-01-01,1.97772851976931
Mexico,2012-01-01,2.11702295235642
Myanmar,1990-01-01,1.25252414469689
Myanmar,1991-01-01,-2.06947748671689
Myanmar,1992-01-01,8.17900523178274
Myanmar,1993-01-01,4.64252339233965
Myanmar,1994-01-01,6.08474428920347
Myanmar,1995-01-01,5.59355575138551
Myanmar,1996-01-01,5.11122323212305
Myanmar,1997-01-01,4.33327738338033
Myanmar,1998-01-01,4.57216840588663
Myanmar,1999-01-01,9.65085573558116
Myanmar,2000-01-01,12.5052801800032
Myanmar,2001-01-01,10.1910046290732
Myanmar,2002-01-01,10.9038080972711
Myanmar,2003-01-01,12.7666464695986
Myanmar,2004-01-01,12.5711109344331
Myanmar,2005-01-01,12.6503342044086
Myanmar,2006-01-01,12.2206449138926
Myanmar,2007-01-01,11.1652987827756
Myanmar,2008-01-01,9.61309144423039
Myanmar,2009-01-01,9.90417710201632
Myanmar,2010-01-01,8.80170496164038
Myanmar,2011-01-01,4.73577071477254
Myanmar,2012-01-01,6.42716418165223
Nepal,1990-01-01,2.12029486150485
Nepal,1991-01-01,3.65093240131695
Nepal,1992-01-01,1.23319486438133
Nepal,1993-01-01,1.08981596043157
Nepal,1994-01-01,5.59737887421939
Nepal,1995-01-01,1.0989203264739
Nepal,1996-01-01,3.11669231008791
Nepal,1997-01-01,2.94556339723439
Nepal,1998-01-01,1.04365921729837
Nepal,1999-01-01,2.51043274041128
Nepal,2000-01-01,4.39965280089368
Nepal,2001-01-01,3.13454193470828
Nepal,2002-01-01,-1.36634119401036
Nepal,2003-01-01,2.52554729261927
Nepal,2004-01-01,3.3901433304318
Nepal,2005-01-01,2.37236984013099
Nepal,2006-01-01,2.45308046133157
Nepal,2007-01-01,2.65791663944303
Nepal,2008-01-01,5.4419613689312
Nepal,2009-01-01,3.97072148091439
Nepal,2010-01-01,4.29689327182552
Nepal,2011-01-01,3.02417955146129
Nepal,2012-01-01,4.42390716822683
Netherlands,1990-01-01,3.46827772475396
Netherlands,1991-01-01,1.63505459712852
Netherlands,1992-01-01,0.940014999473178
Netherlands,1993-01-01,0.554249624223331
Netherlands,1994-01-01,2.34216826988056
Netherlands,1995-01-01,2.60797342141954
Netherlands,1996-01-01,3.02230330505103
Netherlands,1997-01-01,3.79338177724031
Netherlands,1998-01-01,4.02050284147451
Netherlands,1999-01-01,4.33737444647886
Netherlands,2000-01-01,3.45353825605781
Netherlands,2001-01-01,1.55745812949353
Netherlands,2002-01-01,-0.420367739940659
Netherlands,2003-01-01,-0.315789835146461
Netherlands,2004-01-01,1.63118807022559
Netherlands,2005-01-01,1.8126991927322
Netherlands,2006-01-01,3.29494984036958
Netherlands,2007-01-01,3.5473594981308
Netherlands,2008-01-01,1.77335666374768
Netherlands,2009-01-01,-4.16103849540806
Netherlands,2010-01-01,0.824259852819907
Netherlands,2011-01-01,1.07862827391094
Netherlands,2012-01-01,-1.39591933577908
Nicaragua,1990-01-01,-2.37808014922447
Nicaragua,1991-01-01,-2.48357530761011
Nicaragua,1992-01-01,-1.87850548354604
Nicaragua,1993-01-01,-2.58274755631598
Nicaragua,1994-01-01,1.13544915444142
Nicaragua,1995-01-01,3.74364193063145
Nicaragua,1996-01-01,4.34523813064685
Nicaragua,1997-01-01,2.19200546488703
Nicaragua,1998-01-01,2.07320205127621
Nicaragua,1999-01-01,5.43937912279478
Nicaragua,2000-01-01,2.61127280795196
Nicaragua,2001-01-01,1.58198180872529
Nicaragua,2002-01-01,-0.515149334767415
Nicaragua,2003-01-01,1.28703167563219
Nicaragua,2004-01-01,4.07723808001903
Nicaragua,2005-01-01,2.97367737559591
Nicaragua,2006-01-01,2.73808025294295
Nicaragua,2007-01-01,3.62178709441994
Nicaragua,2008-01-01,1.97621495189036
Nicaragua,2009-01-01,-4.68274796041227
Nicaragua,2010-01-01,2.89319767000995
Nicaragua,2011-01-01,4.76420845580793
Nicaragua,2012-01-01,4.94101188410394
Niger,1990-01-01,-4.30994206129168
Niger,1991-01-01,-3.4834119963043
Niger,1992-01-01,-1.12539562985623
Niger,1993-01-01,-2.79321110329985
Niger,1994-01-01,-1.36658918430298
Niger,1995-01-01,-0.88975528425685
Niger,1996-01-01,-3.21335017887142
Niger,1997-01-01,-1.80314992721476
Niger,1998-01-01,6.31812356501239
Niger,1999-01-01,-3.56482607635593
Niger,2000-01-01,-4.53360569932079
Niger,2001-01-01,3.62372528804073
Niger,2002-01-01,1.3380573752323
Niger,2003-01-01,-1.34790620222047
Niger,2004-01-01,-3.13582201322427
Niger,2005-01-01,3.54888945141467
Niger,2006-01-01,2.1706191076174
Niger,2007-01-01,-0.54536245258636
Niger,2008-01-01,3.84670036254914
Niger,2009-01-01,-1.74222519124112
Niger,2010-01-01,4.60206704821289
Niger,2011-01-01,-1.40634626586615
Niger,2012-01-01,6.41564439275307
Nigeria,1990-01-01,8.87700003585374
Nigeria,1991-01-01,-2.18036790046033
Nigeria,1992-01-01,2.02362858700862
Nigeria,1993-01-01,-4.50714925586905
Nigeria,1994-01-01,-4.31075317014691
Nigeria,1995-01-01,-2.59560077293757
Nigeria,1996-01-01,1.596032682048
Nigeria,1997-01-01,0.372520438568841
Nigeria,1998-01-01,0.0324735247757957
Nigeria,1999-01-01,-1.9411055458105
Nigeria,2000-01-01,2.31777490072069
Nigeria,2001-01-01,3.14642468264539
Nigeria,2002-01-01,12.2761390693305
Nigeria,2003-01-01,4.495155882668
Nigeria,2004-01-01,6.34504072956803
Nigeria,2005-01-01,3.6096606137971
Nigeria,2006-01-01,3.23834257171522
Nigeria,2007-01-01,3.74168735541554
Nigeria,2008-01-01,3.89994318321925
Nigeria,2009-01-01,5.13016187464837
Nigeria,2010-01-01,5.08187485498044
Nigeria,2011-01-01,2.43700723662286
Nigeria,2012-01-01,1.4035087785572
Norway,1990-01-01,1.5820928592686
Norway,1991-01-01,2.59440597787501
Norway,1992-01-01,2.97836951992878
Norway,1993-01-01,2.23483632242664
Norway,1994-01-01,4.45880135254741
Norway,1995-01-01,3.61634549842067
Norway,1996-01-01,4.49694127546725
Norway,1997-01-01,4.71522878971304
Norway,1998-01-01,2.05920290857982
Norway,1999-01-01,1.37548680207782
Norway,2000-01-01,2.65053090696199
Norway,2001-01-01,1.5519275837342
Norway,2002-01-01,0.832308716578552
Norway,2003-01-01,0.354567463257808
Norway,2004-01-01,3.4017848883194
Norway,2005-01-01,1.98810025642059
Norway,2006-01-01,1.63960627285024
Norway,2007-01-01,1.85460705274458
Norway,2008-01-01,-0.762647958322503
Norway,2009-01-01,-3.16925628485011
Norway,2010-01-01,-0.460631256132487
Norway,2011-01-01,-0.197405953019441
Norway,2012-01-01,1.3776409008747
Pakistan,1990-01-01,1.07026649113762
Pakistan,1991-01-01,1.72164417813028
Pakistan,1992-01-01,4.91447307441746
Pakistan,1993-01-01,-0.812757164944429
Pakistan,1994-01-01,0.768829473259274
Pakistan,1995-01-01,1.90928656795212
Pakistan,1996-01-01,1.70096251941531
Pakistan,1997-01-01,-1.91279095378317
Pakistan,1998-01-01,-0.37228523109151
Pakistan,1999-01-01,0.739013701055043
Pakistan,2000-01-01,1.10232212653851
Pakistan,2001-01-01,0.495411848013603
Pakistan,2002-01-01,0.0528767980882066
Pakistan,2003-01-01,3.11874537909679
Pakistan,2004-01-01,5.44780221304131
Pakistan,2005-01-01,4.9858297048835
Pakistan,2006-01-01,3.84931891636293
Pakistan,2007-01-01,2.23188339952361
Pakistan,2008-01-01,-0.0805842055896022
Pakistan,2009-01-01,1.19149790702573
Pakistan,2010-01-01,-0.759129913637068
Pakistan,2011-01-01,0.535424529082334
Pakistan,2012-01-01,1.19172685220417
Panama,1990-01-01,5.82963458665738
Panama,1991-01-01,7.14162610510498
Panama,1992-01-01,5.98468225836682
Panama,1993-01-01,3.30752003414202
Panama,1994-01-01,0.767703926620158
Panama,1995-01-01,-0.296866143176771
Panama,1996-01-01,1.99409531839156
Panama,1997-01-01,4.33831481608668
Panama,1998-01-01,5.2139628269797
Panama,1999-01-01,1.87132522494655
Panama,2000-01-01,0.709780771145589
Panama,2001-01-01,-1.37388223022434
Panama,2002-01-01,0.264941437307883
Panama,2003-01-01,2.22010714937244
Panama,2004-01-01,5.4765050328899
Panama,2005-01-01,5.16289682608576
Panama,2006-01-01,6.6299318529818
Panama,2007-01-01,9.92676585437539
Panama,2008-01-01,7.85477428624614
Panama,2009-01-01,-0.579348337851414
Panama,2010-01-01,3.95086668478952
Panama,2011-01-01,9.35039187358045
Panama,2012-01-01,7.84339403957495
Papua New Guinea,1990-01-01,-5.54315589190692
Papua New Guinea,1991-01-01,6.08775313864255
Papua New Guinea,1992-01-01,9.84052049510315
Papua New Guinea,1993-01-01,13.9346966606869
Papua New Guinea,1994-01-01,2.13188146696608
Papua New Guinea,1995-01-01,-6.76289849203047
Papua New Guinea,1996-01-01,3.91912795743683
Papua New Guinea,1997-01-01,-7.28572590744201
Papua New Guinea,1998-01-01,-7.10968514444869
Papua New Guinea,1999-01-01,-1.63876893098453
Papua New Guinea,2000-01-01,-5.80341296798611
Papua New Guinea,2001-01-01,-3.45482700101142
Papua New Guinea,2002-01-01,-3.44774916520083
Papua New Guinea,2003-01-01,-1.16339542271085
Papua New Guinea,2004-01-01,-0.579036527113914
Papua New Guinea,2005-01-01,2.97956551178532
Papua New Guinea,2006-01-01,2.11954115945552
Papua New Guinea,2007-01-01,4.49946370135348
Papua New Guinea,2008-01-01,-3.32642816400887
Papua New Guinea,2009-01-01,3.59444521417949
Papua New Guinea,2010-01-01,6.86989732080856
Papua New Guinea,2011-01-01,-1.78540372164341
Papua New Guinea,2012-01-01,1.78976660048515
Paraguay,1990-01-01,1.35533724347989
Paraguay,1991-01-01,0.792061038585217
Paraguay,1992-01-01,-0.896597874291089
Paraguay,1993-01-01,2.32500942073072
Paraguay,1994-01-01,2.76189760756343
Paraguay,1995-01-01,4.30263751073694
Paraguay,1996-01-01,-0.748828994819988
Paraguay,1997-01-01,1.93551532667722
Paraguay,1998-01-01,-2.06931653594977
Paraguay,1999-01-01,-3.37921190576421
Paraguay,2000-01-01,-4.1784735631924
Paraguay,2001-01-01,-2.50324144139002
Paraguay,2002-01-01,-1.4392570908976
Paraguay,2003-01-01,3.02012063281991
Paraguay,2004-01-01,2.84572914855484
Paraguay,2005-01-01,1.00427226796494
Paraguay,2006-01-01,3.71264697494098
Paraguay,2007-01-01,4.37554313351369
Paraguay,2008-01-01,5.45865492127598
Paraguay,2009-01-01,-1.26552656139802
Paraguay,2010-01-01,9.82341463295111
Paraguay,2011-01-01,2.94216224153907
Paraguay,2012-01-01,-2.0387310967984
Peru,1990-01-01,-7.06601854240201
Peru,1991-01-01,0.0741760955231427
Peru,1992-01-01,-2.54392718847367
Peru,1993-01-01,3.15501369379665
Peru,1994-01-01,10.1103807532414
Peru,1995-01-01,5.36502124767382
Peru,1996-01-01,0.907659325757336
Peru,1997-01-01,4.55392379218739
Peru,1998-01-01,-2.13862490928778
Peru,1999-01-01,-0.183045688672124
Peru,2000-01-01,1.14477299247883
Peru,2001-01-01,-0.724689714782272
Peru,2002-01-01,4.22057017074744
Peru,2003-01-01,3.07584218086193
Peru,2004-01-01,3.94011215959908
Peru,2005-01-01,5.32837924683271
Peru,2006-01-01,6.64304687824702
Peru,2007-01-01,7.68626409527067
Peru,2008-01-01,8.34694304031613
Peru,2009-01-01,0.387889020776356
Peru,2010-01-01,7.51616967333678
Peru,2011-01-01,5.43211009632483
Peru,2012-01-01,5.1697619045632
Philippines,1990-01-01,0.685480244973476
Philippines,1991-01-01,-2.7752170603556
Philippines,1992-01-01,-1.92196146186349
Philippines,1993-01-01,-0.199032508767814
Philippines,1994-01-01,1.95609187353381
Philippines,1995-01-01,2.20762823047764
Philippines,1996-01-01,3.33190268578069
Philippines,1997-01-01,2.62054542260543
Philippines,1998-01-01,-2.88208675887925
Philippines,1999-01-01,0.964850757882616
Philippines,2000-01-01,2.09401888916523
Philippines,2001-01-01,0.890742890768067
Philippines,2002-01-01,1.59883528105142
Philippines,2003-01-01,2.98718961508722
Philippines,2004-01-01,4.47246455926522
Philippines,2005-01-01,2.93061028885407
Philippines,2006-01-01,3.35080900793881
Philippines,2007-01-01,4.54552513369286
Philippines,2008-01-01,2.41093432953198
Philippines,2009-01-01,-0.401300433448426
Philippines,2010-01-01,5.41803030821811
Philippines,2011-01-01,2.02421991760072
Philippines,2012-01-01,5.04933014689183
Portugal,1990-01-01,4.17732841718288
Portugal,1991-01-01,4.60903356054186
Portugal,1992-01-01,1.16810329689687
Portugal,1993-01-01,-2.16302061239932
Portugal,1994-01-01,0.693517391361567
Portugal,1995-01-01,3.92237359793415
Portugal,1996-01-01,3.11580576632078
Portugal,1997-01-01,3.93579795726534
Portugal,1998-01-01,4.27961105657207
Portugal,1999-01-01,3.32050925889928
Portugal,2000-01-01,3.08905404795144
Portugal,2001-01-01,1.2272634226527
Portugal,2002-01-01,0.220542488198603
Portugal,2003-01-01,-1.30174208592079
Portugal,2004-01-01,1.54562010216144
Portugal,2005-01-01,0.595038718090478
Portugal,2006-01-01,1.44193641296673
Portugal,2007-01-01,2.30555211277161
Portugal,2008-01-01,0.174700554936223
Portugal,2009-01-01,-3.21438996722308
Portugal,2010-01-01,1.69092841483231
Portugal,2011-01-01,-1.55146831672478
Portugal,2012-01-01,-3.66753141566937
Puerto Rico,1990-01-01,-3.70170811331964
Puerto Rico,1991-01-01,1.58322781437035
Puerto Rico,1992-01-01,3.89131652368016
Puerto Rico,1993-01-01,3.76693625696807
Puerto Rico,1994-01-01,3.22267937296333
Puerto Rico,1995-01-01,3.5876639097802
Puerto Rico,1996-01-01,1.17230268748033
Puerto Rico,1997-01-01,3.90993880044685
Puerto Rico,1998-01-01,4.92588687442171
Puerto Rico,1999-01-01,4.8633173310255
Puerto Rico,2000-01-01,2.98675151003449
Puerto Rico,2001-01-01,6.08604915442865
Puerto Rico,2002-01-01,0.786424269555724
Puerto Rico,2003-01-01,-0.0091839432602114
Puerto Rico,2004-01-01,8.72642635726375
Puerto Rico,2005-01-01,-1.84546036881601
Puerto Rico,2006-01-01,-0.991029990749496
Puerto Rico,2007-01-01,-0.582297438193464
Puerto Rico,2008-01-01,-1.26658345345041
Puerto Rico,2009-01-01,-1.41621087876773
Puerto Rico,2010-01-01,0.0921020717791237
Puerto Rico,2011-01-01,0.800573059973473
Puerto Rico,2012-01-01,1.24696939039634
Rwanda,1990-01-01,-4.7724939879937
Rwanda,1991-01-01,-4.67252926221749
Rwanda,1992-01-01,3.50109958530713
Rwanda,1993-01-01,-10.9862108450026
Rwanda,1994-01-01,-41.5868613652872
Rwanda,1995-01-01,60.0905413268331
Rwanda,1996-01-01,-4.52353447511238
Rwanda,1997-01-01,-0.275743134166518
Rwanda,1998-01-01,5.44885397723431
Rwanda,1999-01-01,3.1149485191043
Rwanda,2000-01-01,7.02924095460111
Rwanda,2001-01-01,6.98140800245828
Rwanda,2002-01-01,11.1862030580341
Rwanda,2003-01-01,-0.131839376092174
Rwanda,2004-01-01,4.71179812297422
Rwanda,2005-01-01,6.5369540244147
Rwanda,2006-01-01,6.35483069872784
Rwanda,2007-01-01,4.77267138108795
Rwanda,2008-01-01,8.2199689984611
Rwanda,2009-01-01,3.47941820810678
Rwanda,2010-01-01,4.57248371843218
Rwanda,2011-01-01,5.22393750518739
Rwanda,2012-01-01,6.00170618137572
Senegal,1990-01-01,-3.56701824622392
Senegal,1991-01-01,-0.229978371185013
Senegal,1992-01-01,-1.47783695492298
Senegal,1993-01-01,-1.38554159384555
Senegal,1994-01-01,-2.66533395215353
Senegal,1995-01-01,2.83349545126057
Senegal,1996-01-01,-0.411196109401573
Senegal,1997-01-01,0.676342248589279
Senegal,1998-01-01,3.49743828228554
Senegal,1999-01-01,3.84965726097957
Senegal,2000-01-01,1.47078068161998
Senegal,2001-01-01,1.85748537835701
Senegal,2002-01-01,-2.31899690946396
Senegal,2003-01-01,3.02806294089615
Senegal,2004-01-01,2.05929577338581
Senegal,2005-01-01,1.69283885897526
Senegal,2006-01-01,-0.297866563165542
Senegal,2007-01-01,0.155202178419074
Senegal,2008-01-01,1.0037086838431
Senegal,2009-01-01,0.038174664910585
Senegal,2010-01-01,0.625915167183067
Senegal,2011-01-01,-1.38705683397437
Senegal,2012-01-01,1.20518376811296
Seychelles,1990-01-01,6.92914126648884
Seychelles,1991-01-01,1.40077156456648
Seychelles,1992-01-01,6.68233459671488
Seychelles,1993-01-01,5.09056268455059
Seychelles,1994-01-01,-5.00302413951677
Seychelles,1995-01-01,-0.981459839210345
Seychelles,1996-01-01,8.3958454530317
Seychelles,1997-01-01,10.8847957386616
Seychelles,1998-01-01,0.482967628956303
Seychelles,1999-01-01,-0.109437696562779
Seychelles,2000-01-01,3.32671456371403
Seychelles,2001-01-01,-2.35661333545873
Seychelles,2002-01-01,-1.83480695440478
Seychelles,2003-01-01,-4.81617833042706
Seychelles,2004-01-01,-2.49000825290008
Seychelles,2005-01-01,8.5018972132326
Seychelles,2006-01-01,7.15334515370103
Seychelles,2007-01-01,8.32165420663699
Seychelles,2008-01-01,-4.87712623002744
Seychelles,2009-01-01,-2.86142425794473
Seychelles,2010-01-01,1.62737013590673
Seychelles,2011-01-01,12.4265876590009
Seychelles,2012-01-01,2.10412826503328
Sierra Leone,1990-01-01,-0.621750542467765
Sierra Leone,1991-01-01,1.11805772119848
Sierra Leone,1992-01-01,-17.5706783889928
Sierra Leone,1993-01-01,1.51324221473132
Sierra Leone,1994-01-01,-2.3851385810912
Sierra Leone,1995-01-01,-8.19540568578083
Sierra Leone,1996-01-01,1.21031323574667
Sierra Leone,1997-01-01,-7.1090682531419
Sierra Leone,1998-01-01,0.75693264401049
Sierra Leone,1999-01-01,-2.53059445157979
Sierra Leone,2000-01-01,4.11855452190922
Sierra Leone,2001-01-01,-11.6100016787977
Sierra Leone,2002-01-01,19.5576574813772
Sierra Leone,2003-01-01,5.17062574375558
Sierra Leone,2004-01-01,2.96846663220316
Sierra Leone,2005-01-01,1.59921052047827
Sierra Leone,2006-01-01,2.01356321541233
Sierra Leone,2007-01-01,5.62421706375164
Sierra Leone,2008-01-01,2.80994060614795
Sierra Leone,2009-01-01,0.423333100952036
Sierra Leone,2010-01-01,3.70749941429165
Sierra Leone,2011-01-01,3.19321507665293
Sierra Leone,2012-01-01,12.2116152090603
Singapore,1990-01-01,5.63184802412309
Singapore,1991-01-01,3.69538228225123
Singapore,1992-01-01,3.48371824424044
Singapore,1993-01-01,8.67530488824424
Singapore,1994-01-01,7.66515847504049
Singapore,1995-01-01,3.9685677515225
Singapore,1996-01-01,3.1909851392228
Singapore,1997-01-01,4.73992674717256
Singapore,1998-01-01,-5.45798667446206
Singapore,1999-01-01,4.87689184197752
Singapore,2000-01-01,7.16598820156491
Singapore,2001-01-01,-3.70366595204537
Singapore,2002-01-01,2.97922962062731
Singapore,2003-01-01,6.10127554555405
Singapore,2004-01-01,8.5722052915981
Singapore,2005-01-01,4.87209326850753
Singapore,2006-01-01,5.64834329383781
Singapore,2007-01-01,4.57298627096552
Singapore,2008-01-01,-3.41549269446281
Singapore,2009-01-01,-2.84677194924208
Singapore,2010-01-01,12.5085215498552
Singapore,2011-01-01,4.02338164865897
Singapore,2012-01-01,1.90446223662212
South Africa,1990-01-01,-3.33962118357752
South Africa,1991-01-01,-3.51847129690613
South Africa,1992-01-01,-4.12846135333668
South Africa,1993-01-01,-0.586806136417181
South Africa,1994-01-01,1.42893671644715
South Africa,1995-01-01,1.41682410790519
South Africa,1996-01-01,2.72243387860094
South Africa,1997-01-01,1.18749278714161
South Africa,1998-01-01,-0.74302435319062
South Africa,1999-01-01,1.26807080337059
South Africa,2000-01-01,3.20151044858625
South Africa,2001-01-01,1.79444275713681
South Africa,2002-01-01,2.76087798631386
South Africa,2003-01-01,2.00199371336308
South Africa,2004-01-01,3.58123021106213
South Africa,2005-01-01,4.28677153057231
South Africa,2006-01-01,4.5911021010921
South Africa,2007-01-01,4.29764521048401
South Africa,2008-01-01,2.02840468771709
South Africa,2009-01-01,-2.70215597172341
South Africa,2010-01-01,1.81773569736623
South Africa,2011-01-01,1.87331822630892
South Africa,2012-01-01,1.04422917046858
South Asia,1990-01-01,3.05667254094222
South Asia,1991-01-01,-0.0940788084376436
South Asia,1992-01-01,3.50635252306681
South Asia,1993-01-01,1.99298569867005
South Asia,1994-01-01,3.62254876252601
South Asia,1995-01-01,4.57165813474791
South Asia,1996-01-01,4.5296792328934
South Asia,1997-01-01,1.61423547599931
South Asia,1998-01-01,3.35303675950856
South Asia,1999-01-01,5.407015380792
South Asia,2000-01-01,2.10928242730904
South Asia,2001-01-01,2.44441954911909
South Asia,2002-01-01,1.63250448037377
South Asia,2003-01-01,5.21243685066169
South Asia,2004-01-01,5.68018303089927
South Asia,2005-01-01,5.8283438300917
South Asia,2006-01-01,5.92689143560499
South Asia,2007-01-01,5.55186465934885
South Asia,2008-01-01,1.80865798130228
South Asia,2009-01-01,5.40014392249417
South Asia,2010-01-01,5.80532361373641
South Asia,2011-01-01,3.55216008766506
South Asia,2012-01-01,3.91293941591728
Spain,1990-01-01,3.6757679509781
Spain,1991-01-01,2.2853247769005
Spain,1992-01-01,0.436114989696421
Spain,1993-01-01,-1.54335824397906
Spain,1994-01-01,1.89690689457345
Spain,1995-01-01,2.30495706842429
Spain,1996-01-01,2.23385341708342
Spain,1997-01-01,3.26876678628385
Spain,1998-01-01,3.96196525367681
Spain,1999-01-01,4.06788626828171
Spain,2000-01-01,4.7764007853099
Spain,2001-01-01,3.21413456681397
Spain,2002-01-01,1.28997718123523
Spain,2003-01-01,1.13629398955948
Spain,2004-01-01,1.35864861113495
Spain,2005-01-01,1.91574639257924
Spain,2006-01-01,2.35777247171723
Spain,2007-01-01,1.70457158797855
Spain,2008-01-01,-0.709644824380291
Spain,2009-01-01,-4.61174792296352
Spain,2010-01-01,-0.297178903863639
Spain,2011-01-01,-1.16620390689791
Spain,2012-01-01,-3.02190653735798
St. Vincent and the Grenadines,1990-01-01,3.99456527918332
St. Vincent and the Grenadines,1991-01-01,0.872827152060097
St. Vincent and the Grenadines,1992-01-01,5.96265870521995
St. Vincent and the Grenadines,1993-01-01,3.88463611207916
St. Vincent and the Grenadines,1994-01-01,-1.52755927731705
St. Vincent and the Grenadines,1995-01-01,7.54955765292699
St. Vincent and the Grenadines,1996-01-01,1.1851086275843
St. Vincent and the Grenadines,1997-01-01,3.51783133152716
St. Vincent and the Grenadines,1998-01-01,4.19139943233959
St. Vincent and the Grenadines,1999-01-01,2.86348192935888
St. Vincent and the Grenadines,2000-01-01,1.80156433702805
St. Vincent and the Grenadines,2001-01-01,1.90223085956785
St. Vincent and the Grenadines,2002-01-01,5.51947697539146
St. Vincent and the Grenadines,2003-01-01,7.01393485290829
St. Vincent and the Grenadines,2004-01-01,4.57698700246371
St. Vincent and the Grenadines,2005-01-01,3.0053770862352
St. Vincent and the Grenadines,2006-01-01,7.58843556588072
St. Vincent and the Grenadines,2007-01-01,3.88515503863769
St. Vincent and the Grenadines,2008-01-01,0.8669994649606
St. Vincent and the Grenadines,2009-01-01,-0.950808501420127
St. Vincent and the Grenadines,2010-01-01,-4.00552748187661
St. Vincent and the Grenadines,2011-01-01,-0.0530885828388818
St. Vincent and the Grenadines,2012-01-01,1.7494518260206
Sudan,1990-01-01,-6.99314223888373
Sudan,1991-01-01,5.55358916543756
Sudan,1992-01-01,4.91909976353368
Sudan,1993-01-01,2.85912504529036
Sudan,1994-01-01,-1.40614565466407
Sudan,1995-01-01,3.23100716707469
Sudan,1996-01-01,3.37208826912612
Sudan,1997-01-01,15.372419384089
Sudan,1998-01-01,1.98395018785982
Sudan,1999-01-01,0.62925959081781
Sudan,2000-01-01,3.29817914044712
Sudan,2001-01-01,3.53462666134909
Sudan,2002-01-01,3.17583159693746
Sudan,2003-01-01,3.49445168503024
Sudan,2004-01-01,2.3273511267635
Sudan,2005-01-01,2.6489481233195
Sudan,2006-01-01,3.31219590814811
Sudan,2007-01-01,2.4077757883645
Sudan,2008-01-01,0.595542524766103
Sudan,2009-01-01,-5.73753557742924
Sudan,2010-01-01,0.806213762462463
Sudan,2011-01-01,6.36497407928857
Sudan,2012-01-01,-6.66241942387246
Suriname,1990-01-01,-5.51710938235234
Suriname,1991-01-01,1.90379090070569
Suriname,1992-01-01,-0.447194768436177
Suriname,1993-01-01,-7.33042894055443
Suriname,1994-01-01,2.38841709320563
Suriname,1995-01-01,-1.82789017008447
Suriname,1996-01-01,-1.12634333714698
Suriname,1997-01-01,3.58710400556322
Suriname,1998-01-01,0.336634941799204
Suriname,1999-01-01,-3.22525882660909
Suriname,2000-01-01,0.279669784025444
Suriname,2001-01-01,2.40501894069133
Suriname,2002-01-01,1.08440670849748
Suriname,2003-01-01,4.58790646517815
Suriname,2004-01-01,7.05665428792723
Suriname,2005-01-01,3.35665822258677
Suriname,2006-01-01,4.61750357600963
Suriname,2007-01-01,3.9322472074726
Suriname,2008-01-01,2.97468067937979
Suriname,2009-01-01,1.85972700714025
Suriname,2010-01-01,3.99538233865444
Suriname,2011-01-01,4.68648273858432
Suriname,2012-01-01,1.59281191597201
Sweden,1990-01-01,-0.0207591755191316
Sweden,1991-01-01,-1.81751517304615
Sweden,1992-01-01,-1.73663035667379
Sweden,1993-01-01,-2.63280845177026
Sweden,1994-01-01,3.19395539969921
Sweden,1995-01-01,3.39126911487388
Sweden,1996-01-01,1.41792423811522
Sweden,1997-01-01,3.01152303333838
Sweden,1998-01-01,4.2539467085561
Sweden,1999-01-01,4.16597892777474
Sweden,2000-01-01,4.59825479417304
Sweden,2001-01-01,1.17750189231714
Sweden,2002-01-01,1.86487397389017
Sweden,2003-01-01,1.92983038350924
Sweden,2004-01-01,3.92730625670833
Sweden,2005-01-01,2.44824843978924
Sweden,2006-01-01,4.07571489749014
Sweden,2007-01-01,2.67500267083921
Sweden,2008-01-01,-1.22306957770027
Sweden,2009-01-01,-5.15126272885315
Sweden,2010-01-01,5.0526785726024
Sweden,2011-01-01,2.41898851140094
Sweden,2012-01-01,-1.32100232444557
Syrian Arab Republic,1990-01-01,0.605389708051504
Syrian Arab Republic,1991-01-01,4.52225022029747
Syrian Arab Republic,1992-01-01,9.76021475853059
Syrian Arab Republic,1993-01-01,3.16599611904773
Syrian Arab Republic,1994-01-01,4.24392705324057
Syrian Arab Republic,1995-01-01,4.10426404976671
Syrian Arab Republic,1996-01-01,6.87305241927962
Syrian Arab Republic,1997-01-01,2.27640636487524
Syrian Arab Republic,1998-01-01,4.05344615655332
Syrian Arab Republic,1999-01-01,-5.98359199231088
Syrian Arab Republic,2000-01-01,-1.83360349573415
Syrian Arab Republic,2001-01-01,-1.49155200047424
Syrian Arab Republic,2002-01-01,1.31373195267327
Syrian Arab Republic,2003-01-01,4.48140248476246
Syrian Arab Republic,2004-01-01,4.10889998336334
Syrian Arab Republic,2005-01-01,3.35987943969975
Syrian Arab Republic,2006-01-01,0.459605733271459
Syrian Arab Republic,2007-01-01,-0.812968045980213
Syrian Arab Republic,2008-01-01,0.725302004545682
Syrian Arab Republic,2009-01-01,4.19840253387758
Syrian Arab Republic,2010-01-01,2.78860191711188
Syrian Arab Republic,2011-01-01,1.07102212975887
Syrian Arab Republic,2012-01-01,-25.9311923188461
Thailand,1990-01-01,9.34671904613388
Thailand,1991-01-01,6.87191689157007
Thailand,1992-01-01,6.49047835488471
Thailand,1993-01-01,6.68355817787238
Thailand,1994-01-01,6.46039734387385
Thailand,1995-01-01,6.63778654639722
Thailand,1996-01-01,4.27229661472246
Thailand,1997-01-01,-3.99410625728412
Thailand,1998-01-01,-8.7651145923372
Thailand,1999-01-01,3.40431949767593
Thailand,2000-01-01,3.42181481134629
Thailand,2001-01-01,2.49628365318935
Thailand,2002-01-01,5.20247988511662
Thailand,2003-01-01,6.2718932515553
Thailand,2004-01-01,5.41995283405068
Thailand,2005-01-01,3.3800600378687
Thailand,2006-01-01,4.17933586171797
Thailand,2007-01-01,4.6348769000129
Thailand,2008-01-01,0.96800916533266
Thailand,2009-01-01,-1.4014819110336
Thailand,2010-01-01,6.79395991942746
Thailand,2011-01-01,0.190947237648118
Thailand,2012-01-01,6.55400450177738
Togo,1990-01-01,-3.13369561453266
Togo,1991-01-01,-3.54362782647179
Togo,1992-01-01,-6.69330988788211
Togo,1993-01-01,-14.5165235816494
Togo,1994-01-01,14.5829017817235
Togo,1995-01-01,3.13455791992729
Togo,1996-01-01,4.76473421973316
Togo,1997-01-01,10.7246384961819
Togo,1998-01-01,-5.10479737877336
Togo,1999-01-01,-0.458087337362485
Togo,2000-01-01,-3.55894727145665
Togo,2001-01-01,-1.86870628899317
Togo,2002-01-01,1.15087751207655
Togo,2003-01-01,3.97464245757411
Togo,2004-01-01,-3.54470314762656
Togo,2005-01-01,-7.10954805047133
Togo,2006-01-01,-0.191993083481989
Togo,2007-01-01,-4.00702620014553
Togo,2008-01-01,1.11068446738369
Togo,2009-01-01,2.55087994478519
Togo,2010-01-01,3.06408185282679
Togo,2011-01-01,3.05065490554928
Togo,2012-01-01,3.5715068145838
Trinidad and Tobago,1990-01-01,0.682999954200753
Trinidad and Tobago,1991-01-01,2.32821243396255
Trinidad and Tobago,1992-01-01,9.29839291262039
Trinidad and Tobago,1993-01-01,-1.3194611101251
Trinidad and Tobago,1994-01-01,2.97676332763024
Trinidad and Tobago,1995-01-01,3.29960368899671
Trinidad and Tobago,1996-01-01,6.67671659708904
Trinidad and Tobago,1997-01-01,7.13645880785354
Trinidad and Tobago,1998-01-01,7.76476792786387
Trinidad and Tobago,1999-01-01,7.65924384931228
Trinidad and Tobago,2000-01-01,6.48890519128867
Trinidad and Tobago,2001-01-01,3.67327160627606
Trinidad and Tobago,2002-01-01,7.34352306287818
Trinidad and Tobago,2003-01-01,13.7997707091546
Trinidad and Tobago,2004-01-01,7.3454172743816
Trinidad and Tobago,2005-01-01,5.59584565591484
Trinidad and Tobago,2006-01-01,12.5631375809891
Trinidad and Tobago,2007-01-01,4.1534577601586
Trinidad and Tobago,2008-01-01,2.80217977824466
Trinidad and Tobago,2009-01-01,-4.96407247195563
Trinidad and Tobago,2010-01-01,2.65616051879402
Trinidad and Tobago,2011-01-01,-0.97711781922564
Trinidad and Tobago,2012-01-01,6.66867153465918
Turkiye,1990-01-01,7.21674198926634
Turkiye,1991-01-01,-1.09495979929521
Turkiye,1992-01-01,3.2057583740329
Turkiye,1993-01-01,5.78373133006001
Turkiye,1994-01-01,-6.32633096825377
Turkiye,1995-01-01,6.06788969665402
Turkiye,1996-01-01,5.61956778849056
Turkiye,1997-01-01,5.85080107862078
Turkiye,1998-01-01,0.816846708355541
Turkiye,1999-01-01,-4.70752549628273
Turkiye,2000-01-01,5.38556718247052
Turkiye,2001-01-01,-7.13825127555417
Turkiye,2002-01-01,4.96906241439386
Turkiye,2003-01-01,4.37343432204094
Turkiye,2004-01-01,8.3093996990934
Turkiye,2005-01-01,7.53339948397436
Turkiye,2006-01-01,5.5702631622412
Turkiye,2007-01-01,4.20987632953147
Turkiye,2008-01-01,-0.452853692268519
Turkiye,2009-01-01,-6.12785740051382
Turkiye,2010-01-01,6.79208232586733
Turkiye,2011-01-01,9.57986395820123
Turkiye,2012-01-01,3.46121242479198
United Kingdom,1990-01-01,0.433081150104584
United Kingdom,1991-01-01,-1.4084858001695
United Kingdom,1992-01-01,0.129932998434981
United Kingdom,1993-01-01,2.24441063359761
United Kingdom,1994-01-01,3.58196750442359
United Kingdom,1995-01-01,2.26078363005469
United Kingdom,1996-01-01,2.32115389545746
United Kingdom,1997-01-01,4.65503871544335
United Kingdom,1998-01-01,3.11335305603836
United Kingdom,1999-01-01,2.72311963429171
United Kingdom,2000-01-01,3.94666041513302
United Kingdom,2001-01-01,2.18459671040603
United Kingdom,2002-01-01,1.36197323998215
United Kingdom,2003-01-01,2.66739616621786
United Kingdom,2004-01-01,1.84540266498504
United Kingdom,2005-01-01,2.03584209773835
United Kingdom,2006-01-01,1.63644558698466
United Kingdom,2007-01-01,1.82436446195527
United Kingdom,2008-01-01,-1.00790103220685
United Kingdom,2009-01-01,-5.33371939419183
United Kingdom,2010-01-01,1.44038415806527
United Kingdom,2011-01-01,0.357726635762319
United Kingdom,2012-01-01,0.809511841772917
United States,1990-01-01,0.74148609960973
United States,1991-01-01,-1.43420012525736
United States,1992-01-01,2.09661276602233
United States,1993-01-01,1.40570856500528
United States,1994-01-01,2.76088229716902
United States,1995-01-01,1.46871823407399
United States,1996-01-01,2.57225920399024
United States,1997-01-01,3.1972120547039
United States,1998-01-01,3.27051107297336
United States,1999-01-01,3.59798501816873
United States,2000-01-01,2.92544098347776
United States,2001-01-01,-0.0399197287893003
United States,2002-01-01,0.756774050858581
United States,2003-01-01,1.91648045091225
United States,2004-01-01,2.89584777850045
United States,2005-01-01,2.53378411366741
United States,2006-01-01,1.79648632582968
United States,2007-01-01,1.04493013677586
United States,2008-01-01,-0.820367898524154
United States,2009-01-01,-3.45001592321435
United States,2010-01-01,1.86029167805893
United States,2011-01-01,0.814519357932042
United States,2012-01-01,1.53310203539129
Uruguay,1990-01-01,-0.317980081088734
Uruguay,1991-01-01,2.93244396817394
Uruguay,1992-01-01,7.30331432468387
Uruguay,1993-01-01,2.07446817135018
Uruguay,1994-01-01,6.66932398125996
Uruguay,1995-01-01,-2.01142695289977
Uruguay,1996-01-01,4.97808765167522
Uruguay,1997-01-01,7.93099829010305
Uruguay,1998-01-01,3.95463186815981
Uruguay,1999-01-01,-2.00989288285459
Uruguay,2000-01-01,-2.32495454329535
Uruguay,2001-01-01,-4.09799663412986
Uruguay,2002-01-01,-7.88554344855896
Uruguay,2003-01-01,0.690750521011083
Uruguay,2004-01-01,4.89011911625813
Uruguay,2005-01-01,7.33497604892166
Uruguay,2006-01-01,3.95391078742402
Uruguay,2007-01-01,6.33765562484871
Uruguay,2008-01-01,6.93600335053371
Uruguay,2009-01-01,3.99318432319997
Uruguay,2010-01-01,7.53025567048368
Uruguay,2011-01-01,4.88102387235121
Uruguay,2012-01-01,3.24652646444873
Zambia,1990-01-01,-3.00744689939025
Zambia,1991-01-01,-2.49785173592609
Zambia,1992-01-01,-4.09043780772527
Zambia,1993-01-01,4.25895718135669
Zambia,1994-01-01,-10.8175451836367
Zambia,1995-01-01,0.410354295424526
Zambia,1996-01-01,3.61876302597832
Zambia,1997-01-01,1.18673842930859
Zambia,1998-01-01,-2.92885406729121
Zambia,1999-01-01,1.94390554361186
Zambia,2000-01-01,1.06229169242992
Zambia,2001-01-01,2.2083150209362
Zambia,2002-01-01,1.36008141079502
Zambia,2003-01-01,3.69182765332936
Zambia,2004-01-01,3.6834162537273
Zambia,2005-01-01,3.74143169004948
Zambia,2006-01-01,4.23799981855704
Zambia,2007-01-01,4.59126067988387
Zambia,2008-01-01,3.99309571014803
Zambia,2009-01-01,5.40593589520428
Zambia,2010-01-01,6.50755325743155
Zambia,2011-01-01,2.05909554012629
Zambia,2012-01-01,4.10327941069306
Zimbabwe,1990-01-01,4.15834043459395
Zimbabwe,1991-01-01,2.84796510917474
Zimbabwe,1992-01-01,-11.2700753735567
Zimbabwe,1993-01-01,-0.384681176282456
Zimbabwe,1994-01-01,8.59463149941986
Zimbabwe,1995-01-01,-1.07592496892967
Zimbabwe,1996-01-01,8.5428040988869
Zimbabwe,1997-01-01,1.01573075191548
Zimbabwe,1998-01-01,1.22845395229285
Zimbabwe,1999-01-01,-2.24073725518498
Zimbabwe,2000-01-01,-4.02757591112872
Zimbabwe,2001-01-01,0.789790878088965
Zimbabwe,2002-01-01,-9.45402465064808
Zimbabwe,2003-01-01,-17.6218409507347
Zimbabwe,2004-01-01,-6.46631853942672
Zimbabwe,2005-01-01,-6.20372528883229
Zimbabwe,2006-01-01,-4.28933673209353
Zimbabwe,2007-01-01,-4.58253069338502
Zimbabwe,2008-01-01,-18.3235027502688
Zimbabwe,2009-01-01,10.8758213625899
Zimbabwe,2010-01-01,19.9389815094808
Zimbabwe,2011-01-01,12.983379744813
Zimbabwe,2012-01-01,13.6547503940841
